barcode	chain	has_truth	has_prediction	cdr3_correct	v_correct	j_correct	astcr_correct	truth_receptors	predicted_receptors
AAAAAAAAAAAAAAAA	TRA	True	True	True	True	True	True	TRAV1-1|TRAJ26|CAVNPQNYGQNFVF	TRAV1-1|TRAJ26|CAVNPQNYGQNFVF
AAAAAAAAAAAAAAAC	TRA	True	True	True	True	True	True	TRAV38-1|TRAJ23|CAFMNSEYNQGGKLIF	TRAV38-1|TRAJ23|CAFMNSEYNQGGKLIF
AAAAAAAAAAAAAAAG	TRA	True	True	True	True	True	True	TRAV1-1|TRAJ32|CAVRANYGGATNKLIF	TRAV1-1|TRAJ32|CAVRANYGGATNKLIF
AAAAAAAAAAAAAAAT	TRA	True	True	True	False	True	False	TRAV29DV5|TRAJ56|CAASGWDGANSKLTF	TRAV29/DV5|TRAJ56|CAASGWDGANSKLTF
AAAAAAAAAAAAAACA	TRA	True	True	True	True	True	True	TRAV1-2|TRAJ33|DLPVGDSNYQLIW	TRAV1-2|TRAJ33|DLPVGDSNYQLIW
AAAAAAAAAAAAAACC	TRA	True	True	True	False	True	False	TRAV29DV5|TRAJ36|CAAVDANNLFF	TRAV29/DV5|TRAJ36|CAAVDANNLFF
AAAAAAAAAAAAAACG	TRA	True	False	False	False	False	False	TRAV12-1|TRAJ37|CVASGGSSNTGKLIF	
AAAAAAAAAAAAAACT	TRA	True	True	True	True	True	True	TRAV8-1|TRAJ12|CARQDSYKLIF	TRAV8-1|TRAJ12|CARQDSYKLIF
AAAAAAAAAAAAAAGA	TRA	True	True	True	True	True	True	TRAV12-2|TRAJ41|CATGNSNSGYALNF	TRAV12-2|TRAJ41|CATGNSNSGYALNF
AAAAAAAAAAAAAAGC	TRA	True	True	True	True	True	True	TRAV8-2|TRAJ23|CVVSRYIYNQGGKLIF	TRAV8-2|TRAJ23|CVVSRYIYNQGGKLIF
AAAAAAAAAAAAAAGG	TRA	True	True	True	True	True	True	TRAV27|TRAJ57|CDTNTQGGSEKLVF	TRAV27|TRAJ57|CDTNTQGGSEKLVF
AAAAAAAAAAAAAAGT	TRA	True	True	True	True	True	True	TRAV27|TRAJ40|CDMSGTYKYIF	TRAV27|TRAJ40|CDMSGTYKYIF
AAAAAAAAAAAAAATA	TRA	True	True	True	True	True	True	TRAV26-2|TRAJ54|CILGGAQKLVF	TRAV26-2|TRAJ54|CILGGAQKLVF
AAAAAAAAAAAAAATC	TRA	True	True	True	True	True	True	TRAV34|TRAJ53|CGAVPLSGGSNYKLTF	TRAV34|TRAJ53|CGAVPLSGGSNYKLTF
AAAAAAAAAAAAAATG	TRA	True	True	True	False	True	False	TRAV38-2DV8|TRAJ54|CAYRDWDQGAQKLVF	TRAV38-2/DV8|TRAJ54|CAYRDWDQGAQKLVF
AAAAAAAAAAAAAATT	TRA	True	True	True	True	True	True	TRAV12-1|TRAJ10|CVGLTGGGNKLTF	TRAV12-1|TRAJ10|CVGLTGGGNKLTF
AAAAAAAAAAAAACAA	TRA	True	True	True	True	True	True	TRAV16|TRAJ31|CAQSGNNNARLMF	TRAV16|TRAJ31|CAQSGNNNARLMF
AAAAAAAAAAAAACAC	TRA	True	True	True	True	True	True	TRAV12-2|TRAJ12|CAVELMDSSYKLIF	TRAV12-2|TRAJ12|CAVELMDSSYKLIF
AAAAAAAAAAAAACAG	TRA	True	True	True	True	True	True	TRAV13-1|TRAJ45|CANIKSGGGADGLTF	TRAV13-1|TRAJ45|CANIKSGGGADGLTF
AAAAAAAAAAAAACAT	TRA	True	True	True	True	True	True	TRAV5|TRAJ29|CAAAVTLVMNLTPLVF	TRAV5|TRAJ29|CAAAVTLVMNLTPLVF
AAAAAAAAAAAAACCA	TRA	True	True	True	True	True	True	TRAV12-2|TRAJ36|CPSTGANNLFF	TRAV12-2|TRAJ36|CPSTGANNLFF
AAAAAAAAAAAAACCC	TRA	True	True	True	True	True	True	TRAV1-2|TRAJ40|RSIITTSGTYKYIF	TRAV1-2|TRAJ40|RSIITTSGTYKYIF
AAAAAAAAAAAAACCG	TRA	True	True	True	True	True	True	TRAV16|TRAJ40|CALRVPTSGTYKYIF	TRAV16|TRAJ40|CALRVPTSGTYKYIF
AAAAAAAAAAAAACCT	TRA	True	True	True	True	True	True	TRAV21|TRAJ37|CAVGDYGSSNTGKLIF	TRAV21|TRAJ37|CAVGDYGSSNTGKLIF
AAAAAAAAAAAAACGA	TRA	True	True	True	True	True	True	TRAV38-1|TRAJ30|CAFTSQPGNRDDKIIF	TRAV38-1|TRAJ30|CAFTSQPGNRDDKIIF
AAAAAAAAAAAAACGC	TRA	True	True	True	False	True	False	TRAV29DV5|TRAJ28|CATPGAGSYQLTF	TRAV29/DV5|TRAJ28|CATPGAGSYQLTF
AAAAAAAAAAAAACGG	TRA	True	True	True	True	True	True	TRAV26-1|TRAJ31|CIVRSPGNNNARLMF	TRAV26-1|TRAJ31|CIVRSPGNNNARLMF
AAAAAAAAAAAAACGT	TRA	True	True	True	True	True	True	TRAV26-2|TRAJ43|CILRFDNNDMRF	TRAV26-2|TRAJ43|CILRFDNNDMRF
AAAAAAAAAAAAACTA	TRA	True	True	True	True	True	True	TRAV5|TRAJ13|CALMNSGGYQKVTF	TRAV5|TRAJ13|CALMNSGGYQKVTF
AAAAAAAAAAAAACTC	TRA	True	True	True	True	True	True	TRAV13-1|TRAJ49|CAAPSTGNQFYF	TRAV13-1|TRAJ49|CAAPSTGNQFYF
AAAAAAAAAAAAACTG	TRA	True	True	True	True	True	True	TRAV3|TRAJ20|CAVQHKSNDYKLSF	TRAV3|TRAJ20|CAVQHKSNDYKLSF
AAAAAAAAAAAAACTT	TRA	True	True	True	True	True	True	TRAV12-2|TRAJ9|CAVGIITGGFKTIF	TRAV12-2|TRAJ9|CAVGIITGGFKTIF
AAAAAAAAAAAAAGAA	TRA	True	True	True	True	True	True	TRAV13-2|TRAJ32|CAEGPNNYGGATNKLIF	TRAV13-2|TRAJ32|CAEGPNNYGGATNKLIF
AAAAAAAAAAAAAGAC	TRA	True	True	True	True	True	True	TRAV8-3|TRAJ37|CAVELGASSNTGKLIF	TRAV8-3|TRAJ37|CAVELGASSNTGKLIF
AAAAAAAAAAAAAGAG	TRA	True	True	True	True	True	True	TRAV19|TRAJ33|CALSAGKDSNYQLIW	TRAV19|TRAJ33|CALSAGKDSNYQLIW
AAAAAAAAAAAAAGAT	TRA	True	True	True	True	True	True	TRAV8-4|TRAJ53|CAVTQNSGGSNYKLTF	TRAV8-4|TRAJ53|CAVTQNSGGSNYKLTF
AAAAAAAAAAAAAGCA	TRA	True	True	True	True	True	True	TRAV20|TRAJ13|CERVNSGGYQKVTF	TRAV20|TRAJ13|CERVNSGGYQKVTF
AAAAAAAAAAAAAGCC	TRA	True	True	True	False	True	False	TRAV29DV5|TRAJ24|CAGATTTDSWGKFQF	TRAV29/DV5|TRAJ24|CAGATTTDSWGKFQF
AAAAAAAAAAAAAGCG	TRA	True	False	False	False	False	False	TRAV10|TRAJ6|CVRVDASGGSYIPTF	
AAAAAAAAAAAAAGCT	TRA	True	True	True	True	True	True	TRAV1-1|TRAJ11|CASAGVTGDNSGYSTLTF	TRAV1-1|TRAJ11|CASAGVTGDNSGYSTLTF
AAAAAAAAAAAAAGGA	TRA	True	True	True	True	True	True	TRAV8-4|TRAJ13|CAVLDFGNSGGYQKVTF	TRAV8-4|TRAJ13|CAVLDFGNSGGYQKVTF
AAAAAAAAAAAAAGGC	TRA	True	True	True	True	True	True	TRAV12-1|TRAJ18|CVVLRDRGSTLGRLYF	TRAV12-1|TRAJ18|CVVLRDRGSTLGRLYF
AAAAAAAAAAAAAGGG	TRA	True	True	True	True	True	True	TRAV17|TRAJ31|CASDPSFRLMF	TRAV17|TRAJ31|CASDPSFRLMF
AAAAAAAAAAAAAGGT	TRA	True	True	True	True	True	True	TRAV17|TRAJ10|CATGGTGGGNKLTF	TRAV17|TRAJ10|CATGGTGGGNKLTF
AAAAAAAAAAAAAGTA	TRA	True	True	True	True	True	True	TRAV21|TRAJ17|CAVQDGIKAAGNKLTF	TRAV21|TRAJ17|CAVQDGIKAAGNKLTF
AAAAAAAAAAAAAGTC	TRA	True	True	True	True	True	True	TRAV8-3|TRAJ9|CGPGNTGGFKTIF	TRAV8-3|TRAJ9|CGPGNTGGFKTIF
AAAAAAAAAAAAAGTG	TRA	True	True	True	True	True	True	TRAV16|TRAJ9|CALLATGGFKTIF	TRAV16|TRAJ9|CALLATGGFKTIF
AAAAAAAAAAAAAGTT	TRA	True	True	True	True	True	True	TRAV22|TRAJ50|CAKFSRTSYDKVIF	TRAV22|TRAJ50|CAKFSRTSYDKVIF
AAAAAAAAAAAAATAA	TRA	True	False	False	False	False	False	TRAV36DV7|TRAJ52|CAVVGGTSYGKLTF	
AAAAAAAAAAAAATAC	TRA	True	True	True	True	True	True	TRAV12-2|TRAJ9|CAVEGSNTGGFKTIF	TRAV12-2|TRAJ9|CAVEGSNTGGFKTIF
AAAAAAAAAAAAATAG	TRA	True	True	True	True	True	True	TRAV8-2|TRAJ17|CVPPRPFAGNKLTF	TRAV8-2|TRAJ17|CVPPRPFAGNKLTF
AAAAAAAAAAAAATAT	TRA	True	False	False	False	False	False	TRAV10|TRAJ26|CVVVILGDNYGQNFVF	
AAAAAAAAAAAAATCA	TRA	True	True	True	True	True	True	TRAV17|TRAJ23|CANAGYNQGGKLIF	TRAV17|TRAJ23|CANAGYNQGGKLIF
AAAAAAAAAAAAATCC	TRA	True	True	True	True	True	True	TRAV8-1|TRAJ6|CAVSGSYIPTF	TRAV8-1|TRAJ6|CAVSGSYIPTF
AAAAAAAAAAAAATCG	TRA	True	True	True	True	True	True	TRAV21|TRAJ22|CAVSLFGSARQLTF	TRAV21|TRAJ22|CAVSLFGSARQLTF
AAAAAAAAAAAAATCT	TRA	True	True	True	True	True	True	TRAV8-2|TRAJ30|CVVDPSGNRDDKIIF	TRAV8-2|TRAJ30|CVVDPSGNRDDKIIF
AAAAAAAAAAAAATGA	TRA	True	True	True	True	True	True	TRAV38-1|TRAJ45|CAFGYSGGGADGLTF	TRAV38-1|TRAJ45|CAFGYSGGGADGLTF
AAAAAAAAAAAAATGC	TRA	True	True	True	True	True	True	TRAV2|TRAJ31|CAVSKSNNARLMF	TRAV2|TRAJ31|CAVSKSNNARLMF
AAAAAAAAAAAAATGG	TRA	True	True	True	True	True	True	TRAV2|TRAJ30|CAVSRDDKIIF	TRAV2|TRAJ30|CAVSRDDKIIF
AAAAAAAAAAAAATGT	TRA	True	False	False	False	False	False	TRAV12-2|TRAJ53|CLRNSGGSNYKLTF	
AAAAAAAAAAAAATTA	TRA	True	True	True	True	True	True	TRAV30|TRAJ28|CSREYSGAGSYQLTF	TRAV30|TRAJ28|CSREYSGAGSYQLTF
AAAAAAAAAAAAATTC	TRA	True	True	True	True	True	True	TRAV13-1|TRAJ50|CAAKRRTWTSYDKVIF	TRAV13-1|TRAJ50|CAAKRRTWTSYDKVIF
AAAAAAAAAAAAATTG	TRA	True	True	True	False	True	False	TRAV14DV4|TRAJ20|CAMHRSNDYKLSF	TRAV14/DV4|TRAJ20|CAMHRSNDYKLSF
AAAAAAAAAAAAATTT	TRA	True	True	True	True	True	True	TRAV17|TRAJ17|CADGFIKAAGNKLTF	TRAV17|TRAJ17|CADGFIKAAGNKLTF
AAAAAAAAAAAACAAA	TRA	True	True	True	True	True	True	TRAV3|TRAJ3|CAPIHGYSSASKIIF	TRAV3|TRAJ3|CAPIHGYSSASKIIF
AAAAAAAAAAAACAAC	TRA	True	True	True	True	True	True	TRAV8-2|TRAJ48|CVVKAGSSNFGNEKLTF	TRAV8-2|TRAJ48|CVVKAGSSNFGNEKLTF
AAAAAAAAAAAACAAG	TRA	True	True	True	False	True	False	TRAV38-2DV8|TRAJ43|CADDDNNDMRF	TRAV38-2/DV8|TRAJ43|CADDDNNDMRF
AAAAAAAAAAAACAAT	TRA	True	True	True	True	True	True	TRAV12-1|TRAJ21|CVVRGNNFNKFYF	TRAV12-1|TRAJ21|CVVRGNNFNKFYF
AAAAAAAAAAAACACA	TRA	True	True	True	False	True	False	TRAV38-2DV8|TRAJ50|CAYRSILKTSYDKVIF	TRAV38-2/DV8|TRAJ50|CAYRSILKTSYDKVIF
AAAAAAAAAAAACACC	TRA	True	True	True	True	True	True	TRAV19|TRAJ45|CALSVYSGGGADGLTF	TRAV19|TRAJ45|CALSVYSGGGADGLTF
AAAAAAAAAAAACACG	TRA	True	True	True	True	True	True	TRAV25|TRAJ6|CTTHSYASGGSYIPTF	TRAV25|TRAJ6|CTTHSYASGGSYIPTF
AAAAAAAAAAAACACT	TRA	True	True	True	True	True	True	TRAV8-3|TRAJ20|CAVTAGYKLSF	TRAV8-3|TRAJ20|CAVTAGYKLSF
AAAAAAAAAAAACAGA	TRA	True	True	True	True	True	True	TRAV3|TRAJ44|CAVRGRTGTASKLTF	TRAV3|TRAJ44|CAVRGRTGTASKLTF
AAAAAAAAAAAACAGC	TRA	True	True	True	False	True	False	TRAV38-2DV8|TRAJ57|CAYEPRTQGGSEKLVF	TRAV38-2/DV8|TRAJ57|CAYEPRTQGGSEKLVF
AAAAAAAAAAAACAGG	TRA	True	True	True	True	True	True	TRAV19|TRAJ20|CALGSNDYKLSF	TRAV19|TRAJ20|CALGSNDYKLSF
AAAAAAAAAAAACAGT	TRA	True	True	True	True	True	True	TRAV26-1|TRAJ28|CIPGGSYQLTF	TRAV26-1|TRAJ28|CIPGGSYQLTF
AAAAAAAAAAAACATA	TRA	True	True	True	True	True	True	TRAV17|TRAJ54|CAEKIQGAQKLVF	TRAV17|TRAJ54|CAEKIQGAQKLVF
AAAAAAAAAAAACATC	TRA	True	True	True	True	True	True	TRAV27|TRAJ36|CADLGGTGANNLFF	TRAV27|TRAJ36|CADLGGTGANNLFF
AAAAAAAAAAAACATG	TRA	True	True	True	True	True	True	TRAV19|TRAJ53|CALSKLANSGGSNYKLTF	TRAV19|TRAJ53|CALSKLANSGGSNYKLTF
AAAAAAAAAAAACATT	TRA	True	True	True	True	True	True	TRAV21|TRAJ49|CAVGAYNTGNQFYF	TRAV21|TRAJ49|CAVGAYNTGNQFYF
AAAAAAAAAAAACCAA	TRA	True	True	True	True	True	True	TRAV26-2|TRAJ47|CILRNRSEYGNKLVF	TRAV26-2|TRAJ47|CILRNRSEYGNKLVF
AAAAAAAAAAAACCAC	TRA	True	True	True	True	True	True	TRAV17|TRAJ31|CSRSANARLMF	TRAV17|TRAJ31|CSRSANARLMF
AAAAAAAAAAAACCAG	TRA	True	True	True	True	True	True	TRAV8-1|TRAJ39|CHLNAGNMLTF	TRAV8-1|TRAJ39|CHLNAGNMLTF
AAAAAAAAAAAACCAT	TRA	True	True	True	True	True	True	TRAV24|TRAJ10|CDRPSLTGGGNKLTF	TRAV24|TRAJ10|CDRPSLTGGGNKLTF
AAAAAAAAAAAACCCA	TRA	True	True	True	True	True	True	TRAV17|TRAJ58|CATLEETSGSRLTF	TRAV17|TRAJ58|CATLEETSGSRLTF
AAAAAAAAAAAACCCC	TRA	True	True	True	True	True	True	TRAV12-2|TRAJ9|CAVSALATGGFKTIF	TRAV12-2|TRAJ9|CAVSALATGGFKTIF
AAAAAAAAAAAACCCG	TRA	True	True	True	True	True	True	TRAV10|TRAJ45|TPMPSYSGGGADGLTF	TRAV10|TRAJ45|TPMPSYSGGGADGLTF
AAAAAAAAAAAACCCT	TRA	True	True	True	True	True	True	TRAV5|TRAJ12|CAGDMDSSYKLIF	TRAV5|TRAJ12|CAGDMDSSYKLIF
AAAAAAAAAAAACCGA	TRA	True	True	True	True	True	True	TRAV26-1|TRAJ22|CIVRSNPGSGSARQLTF	TRAV26-1|TRAJ22|CIVRSNPGSGSARQLTF
AAAAAAAAAAAACCGC	TRA	True	True	True	True	True	True	TRAV21|TRAJ33|CANPSDSNYQLIW	TRAV21|TRAJ33|CANPSDSNYQLIW
AAAAAAAAAAAACCGG	TRA	True	True	True	True	True	True	TRAV2|TRAJ13|CAVCPPGNSGGYQKVTF	TRAV2|TRAJ13|CAVCPPGNSGGYQKVTF
AAAAAAAAAAAACCGT	TRA	True	True	True	False	True	False	TRAV38-2DV8|TRAJ44|CAYTTNTGTASKLTF	TRAV38-2/DV8|TRAJ44|CAYTTNTGTASKLTF
AAAAAAAAAAAACCTA	TRA	True	True	True	True	True	True	TRAV21|TRAJ53|CAEPNSGGSNYKLTF	TRAV21|TRAJ53|CAEPNSGGSNYKLTF
AAAAAAAAAAAACCTC	TRA	True	True	True	True	True	True	TRAV9-2|TRAJ48|CASAPIGSNFGNEKLTF	TRAV9-2|TRAJ48|CASAPIGSNFGNEKLTF
AAAAAAAAAAAACCTG	TRA	True	True	True	True	True	True	TRAV13-1|TRAJ4|CAATPSGGYNKLIF	TRAV13-1|TRAJ4|CAATPSGGYNKLIF
AAAAAAAAAAAACCTT	TRA	True	True	True	False	True	False	TRAV29DV5|TRAJ40|CAAGAASTTSGTYKYIF	TRAV29/DV5|TRAJ40|CAAGAASTTSGTYKYIF
AAAAAAAAAAAACGAA	TRA	True	False	False	False	False	False	TRAV20|TRAJ12|CAETLSSYKLIF	
AAAAAAAAAAAACGAC	TRA	True	True	True	False	True	False	TRAV14DV4|TRAJ52|CAMAPVGAGGTSYGKLTF	TRAV14/DV4|TRAJ52|CAMAPVGAGGTSYGKLTF
AAAAAAAAAAAACGAG	TRA	True	True	True	True	True	True	TRAV30|TRAJ29|CGTSPSNSGNTPLVF	TRAV30|TRAJ29|CGTSPSNSGNTPLVF
AAAAAAAAAAAACGAT	TRA	True	True	True	True	True	True	TRAV21|TRAJ47|CAVGGWEYGNKLVF	TRAV21|TRAJ47|CAVGGWEYGNKLVF
AAAAAAAAAAAACGCA	TRA	True	False	False	False	False	False	TRAV26-2|TRAJ42|CISHPRANYGGSQGNLIF	
AAAAAAAAAAAACGCC	TRA	True	False	False	False	False	False	TRAV9-2|TRAJ9|CSDPGPGTGGFKTIF	
AAAAAAAAAAAACGCG	TRA	True	True	True	True	True	True	TRAV1-2|TRAJ41|SRSNSGYALNF	TRAV1-2|TRAJ41|SRSNSGYALNF
AAAAAAAAAAAACGCT	TRA	True	True	True	False	True	False	TRAV38-2DV8|TRAJ42|CAYRQRNYGGSQGNLIF	TRAV38-2/DV8|TRAJ42|CAYRQRNYGGSQGNLIF
AAAAAAAAAAAACGGA	TRA	True	True	True	False	True	False	TRAV14DV4|TRAJ6|CAMEVLSGGSYIPTF	TRAV14/DV4|TRAJ6|CAMEVLSGGSYIPTF
AAAAAAAAAAAACGGC	TRA	True	True	True	True	True	True	TRAV21|TRAJ41|CEGVNSNSGYALNF	TRAV21|TRAJ41|CEGVNSNSGYALNF
AAAAAAAAAAAACGGG	TRA	True	True	True	True	True	True	TRAV27|TRAJ37|CAVGSSNTGKLIF	TRAV27|TRAJ37|CAVGSSNTGKLIF
AAAAAAAAAAAACGGT	TRA	True	True	True	True	True	True	TRAV13-1|TRAJ44|CAARGNTGTASKLTF	TRAV13-1|TRAJ44|CAARGNTGTASKLTF
AAAAAAAAAAAACGTA	TRA	True	True	True	True	True	True	TRAV20|TRAJ53|CANAGSGGSNYKLTF	TRAV20|TRAJ53|CANAGSGGSNYKLTF
AAAAAAAAAAAACGTC	TRA	True	True	True	True	True	True	TRAV3|TRAJ13|CPDHNSGGYQKVTF	TRAV3|TRAJ13|CPDHNSGGYQKVTF
AAAAAAAAAAAACGTG	TRA	True	True	True	True	True	True	TRAV13-1|TRAJ49|CAEAPTGNQFYF	TRAV13-1|TRAJ49|CAEAPTGNQFYF
AAAAAAAAAAAACGTT	TRA	True	True	True	True	True	True	TRAV12-2|TRAJ20|SPSSNDYKLSF	TRAV12-2|TRAJ20|SPSSNDYKLSF
AAAAAAAAAAAACTAA	TRA	True	True	True	True	True	True	TRAV8-1|TRAJ42|CDRANYGGSQGNLIF	TRAV8-1|TRAJ42|CDRANYGGSQGNLIF
AAAAAAAAAAAACTAC	TRA	True	True	True	False	True	False	TRAV36DV7|TRAJ42|CAVAPNYGGSQGNLIF	TRAV36/DV7|TRAJ42|CAVAPNYGGSQGNLIF
AAAAAAAAAAAACTAG	TRA	True	True	True	True	True	True	TRAV30|TRAJ42|CGTSRSGNYGGSQGNLIF	TRAV30|TRAJ42|CGTSRSGNYGGSQGNLIF
AAAAAAAAAAAACTAT	TRA	True	True	True	True	True	True	TRAV1-2|TRAJ33|ARSDSNYQLIW	TRAV1-2|TRAJ33|ARSDSNYQLIW
AAAAAAAAAAAACTCA	TRA	True	True	True	True	True	True	TRAV12-2|TRAJ20|CAVSRRSRNDYKLSF	TRAV12-2|TRAJ20|CAVSRRSRNDYKLSF
AAAAAAAAAAAACTCC	TRA	True	True	True	True	True	True	TRAV25|TRAJ52|CANMMNAGGTSYGKLTF	TRAV25|TRAJ52|CANMMNAGGTSYGKLTF
AAAAAAAAAAAACTCG	TRA	True	True	True	True	True	True	TRAV27|TRAJ9|CATVVGNTGGFKTIF	TRAV27|TRAJ9|CATVVGNTGGFKTIF
AAAAAAAAAAAACTCT	TRA	True	True	True	True	True	True	TRAV25|TRAJ4|CASGFSGGYNKLIF	TRAV25|TRAJ4|CASGFSGGYNKLIF
AAAAAAAAAAAACTGA	TRA	True	True	True	True	True	True	TRAV26-1|TRAJ40|CIVPIIATSGTYKYIF	TRAV26-1|TRAJ40|CIVPIIATSGTYKYIF
AAAAAAAAAAAACTGC	TRA	True	True	True	True	True	True	TRAV13-2|TRAJ6|CAETHASGGSYIPTF	TRAV13-2|TRAJ6|CAETHASGGSYIPTF
AAAAAAAAAAAACTGG	TRA	True	True	True	False	True	False	TRAV29DV5|TRAJ34|CAANFAYNTDKLIF	TRAV29/DV5|TRAJ34|CAANFAYNTDKLIF
AAAAAAAAAAAACTGT	TRA	True	True	True	False	True	False	TRAV8-4|TRAJ10|CNKRTGGGNKLTF	TRAV8-2|TRAJ10|CNKRTGGGNKLTF
AAAAAAAAAAAACTTA	TRA	True	True	True	True	True	True	TRAV16|TRAJ42|CAEKFQNYGGSQGNLIF	TRAV16|TRAJ42|CAEKFQNYGGSQGNLIF
AAAAAAAAAAAACTTC	TRA	True	True	True	True	True	True	TRAV21|TRAJ26|CASGANYGQNFVF	TRAV21|TRAJ26|CASGANYGQNFVF
AAAAAAAAAAAACTTG	TRA	True	True	True	True	True	True	TRAV17|TRAJ33|CATGSTSDSNYQLIW	TRAV17|TRAJ33|CATGSTSDSNYQLIW
AAAAAAAAAAAACTTT	TRA	True	True	True	True	True	True	TRAV21|TRAJ10|CAVFEGTGGGNKLTF	TRAV21|TRAJ10|CAVFEGTGGGNKLTF
AAAAAAAAAAAAGAAA	TRA	True	True	True	True	True	True	TRAV8-3|TRAJ11|CAVTRSSGYSTLTF	TRAV8-3|TRAJ11|CAVTRSSGYSTLTF
AAAAAAAAAAAAGAAC	TRA	True	False	False	False	False	False	TRAV34|TRAJ42|CGEDNRYGGSQGNLIF	
AAAAAAAAAAAAGAAG	TRA	True	True	True	True	True	True	TRAV8-3|TRAJ39|CAVPNNNAGNMLTF	TRAV8-3|TRAJ39|CAVPNNNAGNMLTF
AAAAAAAAAAAAGAAT	TRA	True	True	True	True	True	True	TRAV13-1|TRAJ23|CAARATIYNQGGKLIF	TRAV13-1|TRAJ23|CAARATIYNQGGKLIF
AAAAAAAAAAAAGACA	TRA	True	True	True	True	True	True	TRAV25|TRAJ6|SDGGGSYIPTF	TRAV25|TRAJ6|SDGGGSYIPTF
AAAAAAAAAAAAGACC	TRA	True	True	True	True	True	True	TRAV16|TRAJ23|CAMGINQGGKLIF	TRAV16|TRAJ23|CAMGINQGGKLIF
AAAAAAAAAAAAGACG	TRA	True	True	True	True	True	True	TRAV6|TRAJ42|CAGMQNYGGSQGNLIF	TRAV6|TRAJ42|CAGMQNYGGSQGNLIF
AAAAAAAAAAAAGACT	TRA	True	True	True	False	True	False	TRAV14DV4|TRAJ12|CAMRPWMDSSYKLIF	TRAV14/DV4|TRAJ12|CAMRPWMDSSYKLIF
AAAAAAAAAAAAGAGA	TRA	True	True	True	True	True	True	TRAV21|TRAJ34|CAVGRNTDKLIF	TRAV21|TRAJ34|CAVGRNTDKLIF
AAAAAAAAAAAAGAGC	TRA	True	True	True	True	True	True	TRAV8-2|TRAJ23|CVVSLGPYNQGGKLIF	TRAV8-2|TRAJ23|CVVSLGPYNQGGKLIF
AAAAAAAAAAAAGAGG	TRA	True	True	True	True	True	True	TRAV12-3|TRAJ9|CAMRAGETGGFKTIF	TRAV12-3|TRAJ9|CAMRAGETGGFKTIF
AAAAAAAAAAAAGAGT	TRA	True	True	True	True	True	True	TRAV12-1|TRAJ24|CVTKTTDSWGKFQF	TRAV12-1|TRAJ24|CVTKTTDSWGKFQF
AAAAAAAAAAAAGATA	TRA	True	True	True	True	True	True	TRAV13-1|TRAJ22|CAKGSARQLTF	TRAV13-1|TRAJ22|CAKGSARQLTF
AAAAAAAAAAAAGATC	TRA	True	True	True	True	True	True	TRAV41|TRAJ48|CADRDNFGNEKLTF	TRAV41|TRAJ48|CADRDNFGNEKLTF
AAAAAAAAAAAAGATG	TRA	True	True	True	True	True	True	TRAV13-2|TRAJ23|CASGENQGGKLIF	TRAV13-2|TRAJ23|CASGENQGGKLIF
AAAAAAAAAAAAGATT	TRA	True	True	True	True	True	True	TRAV8-2|TRAJ11|CVVVGYSTLTF	TRAV8-2|TRAJ11|CVVVGYSTLTF
AAAAAAAAAAAAGCAA	TRA	True	True	True	True	True	True	TRAV9-2|TRAJ52|CAMSWAGGTSYGKLTF	TRAV9-2|TRAJ52|CAMSWAGGTSYGKLTF
AAAAAAAAAAAAGCAC	TRA	True	True	True	True	True	True	TRAV8-4|TRAJ43|CAVSFPRNNNDMRF	TRAV8-4|TRAJ43|CAVSFPRNNNDMRF
AAAAAAAAAAAAGCAG	TRA	True	False	False	False	False	False	TRAV13-1|TRAJ11|CAADAFVLSLTF	
AAAAAAAAAAAAGCAT	TRA	True	True	True	False	True	False	TRAV29DV5|TRAJ58|CALETSGSRLTF	TRAV29/DV5|TRAJ58|CALETSGSRLTF
AAAAAAAAAAAAGCCA	TRA	True	True	True	True	True	True	TRAV13-2|TRAJ34|CADLGNTDKLIF	TRAV13-2|TRAJ34|CADLGNTDKLIF
AAAAAAAAAAAAGCCC	TRA	True	True	True	True	True	True	TRAV13-1|TRAJ26|CAARSGDNYGQNFVF	TRAV13-1|TRAJ26|CAARSGDNYGQNFVF
AAAAAAAAAAAAGCCG	TRA	True	True	True	True	True	True	TRAV20|TRAJ6|CAAIASGGSYIPTF	TRAV20|TRAJ6|CAAIASGGSYIPTF
AAAAAAAAAAAAGCCT	TRA	True	True	True	False	True	False	TRAV36DV7|TRAJ42|CAVEIGGSQGNLIF	TRAV36/DV7|TRAJ42|CAVEIGGSQGNLIF
AAAAAAAAAAAAGCGA	TRA	True	True	True	True	True	True	TRAV26-1|TRAJ24|CIVEAVVTTDSWGKFQF	TRAV26-1|TRAJ24|CIVEAVVTTDSWGKFQF
AAAAAAAAAAAAGCGC	TRA	True	True	True	True	True	True	TRAV12-3|TRAJ20|CAMRASGSNDYKLSF	TRAV12-3|TRAJ20|CAMRASGSNDYKLSF
AAAAAAAAAAAAGCGG	TRA	True	True	True	False	True	False	TRAV29DV5|TRAJ53|CAADANSGGSNYKLTF	TRAV29/DV5|TRAJ53|CAADANSGGSNYKLTF
AAAAAAAAAAAAGCGT	TRA	True	True	True	False	True	False	TRAV38-2DV8|TRAJ47|CALAYGNKLVF	TRAV38-2/DV8|TRAJ47|CALAYGNKLVF
AAAAAAAAAAAAGCTA	TRA	True	True	True	True	True	True	TRAV1-2|TRAJ45|EAYSGGGADGLTF	TRAV1-2|TRAJ45|EAYSGGGADGLTF
AAAAAAAAAAAAGCTC	TRA	True	True	True	True	True	True	TRAV13-2|TRAJ39|CAEQVPLMNNNAGNMLTF	TRAV13-2|TRAJ39|CAEQVPLMNNNAGNMLTF
AAAAAAAAAAAAGCTG	TRA	True	True	True	True	True	True	TRAV41|TRAJ28|CADDGSYQLTF	TRAV41|TRAJ28|CADDGSYQLTF
AAAAAAAAAAAAGCTT	TRA	True	True	True	True	True	True	TRAV13-1|TRAJ49|CAAEPGNQFYF	TRAV13-1|TRAJ49|CAAEPGNQFYF
AAAAAAAAAAAAGGAA	TRA	True	True	True	True	True	True	TRAV12-2|TRAJ9|CAVNAKRGNTGGFKTIF	TRAV12-2|TRAJ9|CAVNAKRGNTGGFKTIF
AAAAAAAAAAAAGGAC	TRA	True	False	False	False	False	False	TRAV17|TRAJ48|CQAASNFGNEKLTF	
AAAAAAAAAAAAGGAG	TRA	True	True	True	True	True	True	TRAV12-2|TRAJ9|CAVSADTGGFKTIF	TRAV12-2|TRAJ9|CAVSADTGGFKTIF
AAAAAAAAAAAAGGAT	TRA	True	True	True	False	True	False	TRAV14DV4|TRAJ32|CAMRPDNYGGATNKLIF	TRAV14/DV4|TRAJ32|CAMRPDNYGGATNKLIF
AAAAAAAAAAAAGGCA	TRA	True	True	True	True	True	True	TRAV26-1|TRAJ9|CIVRSNTGGFKTIF	TRAV26-1|TRAJ9|CIVRSNTGGFKTIF
AAAAAAAAAAAAGGCC	TRA	True	True	True	True	True	True	TRAV13-1|TRAJ45|CAADTHSGGADGLTF	TRAV13-1|TRAJ45|CAADTHSGGADGLTF
AAAAAAAAAAAAGGCG	TRA	True	True	True	False	True	False	TRAV29DV5|TRAJ58|CAAHAHGETSGSRLTF	TRAV29/DV5|TRAJ58|CAAHAHGETSGSRLTF
AAAAAAAAAAAAGGCT	TRA	True	True	True	True	True	True	TRAV17|TRAJ36|CATALSIITGANNLFF	TRAV17|TRAJ36|CATALSIITGANNLFF
AAAAAAAAAAAAGGGA	TRA	True	True	True	True	True	True	TRAV16|TRAJ47|CASSNGNKLVF	TRAV16|TRAJ47|CASSNGNKLVF
AAAAAAAAAAAAGGGC	TRA	True	True	True	True	True	True	TRAV9-2|TRAJ27|CASGGTNAGKSTF	TRAV9-2|TRAJ27|CASGGTNAGKSTF
AAAAAAAAAAAAGGGG	TRA	True	True	True	True	True	True	TRAV17|TRAJ7|CAIPLDYGNNRLAF	TRAV17|TRAJ7|CAIPLDYGNNRLAF
AAAAAAAAAAAAGGGT	TRA	True	True	True	True	True	True	TRAV12-1|TRAJ34|CVVSWNTDKLIF	TRAV12-1|TRAJ34|CVVSWNTDKLIF
AAAAAAAAAAAAGGTA	TRA	True	True	True	True	True	True	TRAV38-1|TRAJ49|CAFMSANNTGNQFYF	TRAV38-1|TRAJ49|CAFMSANNTGNQFYF
AAAAAAAAAAAAGGTC	TRA	True	True	True	True	True	True	TRAV17|TRAJ32|CATRYNYGGATNKLIF	TRAV17|TRAJ32|CATRYNYGGATNKLIF
AAAAAAAAAAAAGGTG	TRA	True	True	True	False	True	False	TRAV29DV5|TRAJ45|CPADYSGGGADGLTF	TRAV29/DV5|TRAJ45|CPADYSGGGADGLTF
AAAAAAAAAAAAGGTT	TRA	True	True	True	False	True	False	TRAV29DV5|TRAJ31|CAARGNNNARLMF	TRAV29/DV5|TRAJ31|CAARGNNNARLMF
AAAAAAAAAAAAGTAA	TRA	True	True	True	True	True	True	TRAV8-4|TRAJ4|CAVERQPLFSGGYNKLIF	TRAV8-4|TRAJ4|CAVERQPLFSGGYNKLIF
AAAAAAAAAAAAGTAC	TRA	True	True	True	False	True	False	TRAV29DV5|TRAJ41|CAASWLRGNSNSGYALNF	TRAV29/DV5|TRAJ41|CAASWLRGNSNSGYALNF
AAAAAAAAAAAAGTAG	TRA	True	True	True	False	True	False	TRAV38-2DV8|TRAJ31|CAYRVRDNNNARLMF	TRAV38-2/DV8|TRAJ31|CAYRVRDNNNARLMF
AAAAAAAAAAAAGTAT	TRA	True	True	True	True	True	True	TRAV12-3|TRAJ48|CAMSGSNFGNEKLTF	TRAV12-3|TRAJ48|CAMSGSNFGNEKLTF
AAAAAAAAAAAAGTCA	TRA	True	True	True	True	True	True	TRAV21|TRAJ45|CAKDTGSYSGGGADGLTF	TRAV21|TRAJ45|CAKDTGSYSGGGADGLTF
AAAAAAAAAAAAGTCC	TRA	True	True	True	True	True	True	TRAV21|TRAJ20|CAVGRGSNDYKLSF	TRAV21|TRAJ20|CAVGRGSNDYKLSF
AAAAAAAAAAAAGTCG	TRA	True	True	True	True	True	True	TRAV17|TRAJ6|CGAEASGGSYIPTF	TRAV17|TRAJ6|CGAEASGGSYIPTF
AAAAAAAAAAAAGTCT	TRA	True	True	True	True	True	True	TRAV26-1|TRAJ18|CIVRGDSTLGRLYF	TRAV26-1|TRAJ18|CIVRGDSTLGRLYF
AAAAAAAAAAAAGTGA	TRA	True	True	True	True	True	True	TRAV12-2|TRAJ9|CASGNTGGFKTIF	TRAV12-2|TRAJ9|CASGNTGGFKTIF
AAAAAAAAAAAAGTGC	TRA	True	True	True	True	True	True	TRAV21|TRAJ34|CANGLLYNTDKLIF	TRAV21|TRAJ34|CANGLLYNTDKLIF
AAAAAAAAAAAAGTGG	TRA	True	True	True	True	True	True	TRAV1-2|TRAJ4|CAQFSGGYNKLIF	TRAV1-2|TRAJ4|CAQFSGGYNKLIF
AAAAAAAAAAAAGTGT	TRA	True	False	False	False	False	False	TRAV21|TRAJ40|CAVLDSGTYKYIF	
AAAAAAAAAAAAGTTA	TRA	True	True	True	True	True	True	TRAV2|TRAJ4|CASVMGGYNKLIF	TRAV2|TRAJ4|CASVMGGYNKLIF
AAAAAAAAAAAAGTTC	TRA	True	True	True	True	True	True	TRAV27|TRAJ24|CVDTWWETTDSWGKFQF	TRAV27|TRAJ24|CVDTWWETTDSWGKFQF
AAAAAAAAAAAAGTTG	TRA	True	True	True	True	True	True	TRAV17|TRAJ6|CATSMKWASGGSYIPTF	TRAV17|TRAJ6|CATSMKWASGGSYIPTF
AAAAAAAAAAAAGTTT	TRA	True	True	True	True	True	True	TRAV17|TRAJ34|CTIRSYNTDKLIF	TRAV17|TRAJ34|CTIRSYNTDKLIF
AAAAAAAAAAAATAAA	TRA	True	True	True	True	True	True	TRAV13-1|TRAJ5|CDKLTSPDTGRRALTF	TRAV13-1|TRAJ5|CDKLTSPDTGRRALTF
AAAAAAAAAAAATAAC	TRA	True	True	True	True	True	True	TRAV1-1|TRAJ9|CLEGNTGGFKTIF	TRAV1-1|TRAJ9|CLEGNTGGFKTIF
AAAAAAAAAAAATAAG	TRA	True	True	True	False	True	False	TRAV23DV6|TRAJ36|CAFMQTGANNLFF	TRAV23/DV6|TRAJ36|CAFMQTGANNLFF
AAAAAAAAAAAATAAT	TRA	True	False	False	False	False	False	TRAV17|TRAJ39|CASGIANDIDDNAGNMLTF	
AAAAAAAAAAAATACA	TRA	True	True	True	True	True	True	TRAV24|TRAJ11|CDMEAGSGYSTLTF	TRAV24|TRAJ11|CDMEAGSGYSTLTF
AAAAAAAAAAAATACC	TRA	True	True	True	False	True	False	TRAV38-2DV8|TRAJ45|CAYQPSYSGGGADGLTF	TRAV38-2/DV8|TRAJ45|CAYQPSYSGGGADGLTF
AAAAAAAAAAAATACG	TRA	True	True	True	True	True	True	TRAV12-1|TRAJ29|CVEPKGNTPLVF	TRAV12-1|TRAJ29|CVEPKGNTPLVF
AAAAAAAAAAAATACT	TRA	True	True	True	True	True	True	TRAV4|TRAJ12|CLVGHTRMDSSYKLIF	TRAV4|TRAJ12|CLVGHTRMDSSYKLIF
AAAAAAAAAAAATAGA	TRA	True	True	True	False	True	False	TRAV23DV6|TRAJ5|CADATGRRALTF	TRAV23/DV6|TRAJ5|CADATGRRALTF
AAAAAAAAAAAATAGC	TRA	True	True	True	True	True	True	TRAV41|TRAJ40|CASVATSGTYKYIF	TRAV41|TRAJ40|CASVATSGTYKYIF
AAAAAAAAAAAATAGG	TRA	True	True	True	True	True	True	TRAV26-1|TRAJ34|CIVGQTASYNTDKLIF	TRAV26-1|TRAJ34|CIVGQTASYNTDKLIF
AAAAAAAAAAAATAGT	TRA	True	True	True	False	True	False	TRAV38-2DV8|TRAJ47|CAYRVEYGNKLVF	TRAV38-2/DV8|TRAJ47|CAYRVEYGNKLVF
AAAAAAAAAAAATATA	TRA	True	True	True	True	True	True	TRAV12-3|TRAJ3|CADPDGYSSASKIIF	TRAV12-3|TRAJ3|CADPDGYSSASKIIF
AAAAAAAAAAAATATC	TRA	True	True	True	True	True	True	TRAV20|TRAJ26|CAVTDDNYGQNFVF	TRAV20|TRAJ26|CAVTDDNYGQNFVF
AAAAAAAAAAAATATG	TRA	True	True	True	True	True	True	TRAV12-2|TRAJ52|CAVKFNAGGTSYGKLTF	TRAV12-2|TRAJ52|CAVKFNAGGTSYGKLTF
AAAAAAAAAAAATATT	TRA	True	True	True	False	True	False	TRAV14DV4|TRAJ49|CAMSIGNTGNQFYF	TRAV14/DV4|TRAJ49|CAMSIGNTGNQFYF
AAAAAAAAAAAATCAA	TRA	True	True	True	True	True	True	TRAV9-2|TRAJ40|CADSRSGTYKYIF	TRAV9-2|TRAJ40|CADSRSGTYKYIF
AAAAAAAAAAAATCAC	TRA	True	True	True	True	True	True	TRAV19|TRAJ49|CALSNWRIRTGNQFYF	TRAV19|TRAJ49|CALSNWRIRTGNQFYF
AAAAAAAAAAAATCAG	TRA	True	True	True	True	True	True	TRAV9-2|TRAJ37|CAIAVSSNTGKLIF	TRAV9-2|TRAJ37|CAIAVSSNTGKLIF
AAAAAAAAAAAATCAT	TRA	True	False	False	False	False	False	TRAV9-2|TRAJ24|CASDTTDSWGKFQF	
AAAAAAAAAAAATCCA	TRA	True	True	True	False	True	False	TRAV38-2DV8|TRAJ48|CAYVEFEGNEKLTF	TRAV38-2/DV8|TRAJ48|CAYVEFEGNEKLTF
AAAAAAAAAAAATCCC	TRA	True	True	True	True	True	True	TRAV21|TRAJ20|CAVEQRSNDYKLSF	TRAV21|TRAJ20|CAVEQRSNDYKLSF
AAAAAAAAAAAATCCG	TRA	True	True	True	True	True	True	TRAV17|TRAJ29|CASPMANSGNTPLVF	TRAV17|TRAJ29|CASPMANSGNTPLVF
AAAAAAAAAAAATCCT	TRA	True	True	True	True	True	True	TRAV13-2|TRAJ53|CAEEDPDGGGSNYKLTF	TRAV13-2|TRAJ53|CAEEDPDGGGSNYKLTF
AAAAAAAAAAAATCGA	TRA	True	False	False	False	False	False	TRAV8-6|TRAJ6|CAVDYVASGGSYIPTF	
AAAAAAAAAAAATCGC	TRA	True	True	True	True	True	True	TRAV8-3|TRAJ44|CAVSETTGTASKLTF	TRAV8-3|TRAJ44|CAVSETTGTASKLTF
AAAAAAAAAAAATCGG	TRA	True	True	True	True	True	True	TRAV6|TRAJ9|CARWGSNTGGFKTIF	TRAV6|TRAJ9|CARWGSNTGGFKTIF
AAAAAAAAAAAATCGT	TRA	True	True	True	False	True	False	TRAV38-2DV8|TRAJ57|CAYEDPRSCTQGGSEKLVF	TRAV38-2/DV8|TRAJ57|CAYEDPRSCTQGGSEKLVF
AAAAAAAAAAAATCTA	TRA	True	True	True	True	True	True	TRAV8-6|TRAJ6|CAVSEYPIPTF	TRAV8-6|TRAJ6|CAVSEYPIPTF
AAAAAAAAAAAATCTC	TRA	True	True	True	True	True	True	TRAV17|TRAJ24|CSDERRTTDSWGKFQF	TRAV17|TRAJ24|CSDERRTTDSWGKFQF
AAAAAAAAAAAATCTG	TRA	True	True	True	True	True	True	TRAV8-6|TRAJ52|CAAFPGGTSYGKLTF	TRAV8-6|TRAJ52|CAAFPGGTSYGKLTF
AAAAAAAAAAAATCTT	TRA	True	True	True	True	True	True	TRAV17|TRAJ37|CATDVGTSSNTGKLIF	TRAV17|TRAJ37|CATDVGTSSNTGKLIF
AAAAAAAAAAAATGAA	TRA	True	True	True	True	True	True	TRAV19|TRAJ33|CALSDPDSNYQLIW	TRAV19|TRAJ33|CALSDPDSNYQLIW
AAAAAAAAAAAATGAC	TRA	True	True	True	True	True	True	TRAV19|TRAJ58|CALSTTETSGSRLTF	TRAV19|TRAJ58|CALSTTETSGSRLTF
AAAAAAAAAAAATGAG	TRA	True	False	False	False	False	False	TRAV12-2|TRAJ54|CAVIAGQGAQKLVF	
AAAAAAAAAAAATGAT	TRA	True	True	True	True	True	True	TRAV9-2|TRAJ20|CNEVGASNDYKLSF	TRAV9-2|TRAJ20|CNEVGASNDYKLSF
AAAAAAAAAAAATGCA	TRA	True	True	True	True	True	True	TRAV8-3|TRAJ54|CAVHASGIQGAQKLVF	TRAV8-3|TRAJ54|CAVHASGIQGAQKLVF
AAAAAAAAAAAATGCC	TRA	True	True	True	True	True	True	TRAV8-3|TRAJ31|CGINNNARLMF	TRAV8-3|TRAJ31|CGINNNARLMF
AAAAAAAAAAAATGCG	TRA	True	True	True	True	True	True	TRAV20|TRAJ13|CYRNSGGYQKVTF	TRAV20|TRAJ13|CYRNSGGYQKVTF
AAAAAAAAAAAATGCT	TRA	True	True	True	True	True	True	TRAV13-1|TRAJ17|CATAPAIKAAGNKLTF	TRAV13-1|TRAJ17|CATAPAIKAAGNKLTF
AAAAAAAAAAAATGGA	TRA	True	False	False	False	False	False	TRAV1-1|TRAJ31|CAVVVPNNNARLMF	
AAAAAAAAAAAATGGC	TRA	True	True	True	True	True	True	TRAV12-1|TRAJ40|CVVPDDTSGTYKYIF	TRAV12-1|TRAJ40|CVVPDDTSGTYKYIF
AAAAAAAAAAAATGGG	TRA	True	True	True	True	True	True	TRAV16|TRAJ23|CAPTIYNQGGKLIF	TRAV16|TRAJ23|CAPTIYNQGGKLIF
AAAAAAAAAAAATGGT	TRA	True	True	True	True	True	True	TRAV12-1|TRAJ31|CVDNNNARLMF	TRAV12-1|TRAJ31|CVDNNNARLMF
AAAAAAAAAAAATGTA	TRA	True	True	True	True	True	True	TRAV17|TRAJ37|CSGRSGSSNTGKLIF	TRAV17|TRAJ37|CSGRSGSSNTGKLIF
AAAAAAAAAAAATGTC	TRA	True	True	True	False	True	False	TRAV29DV5|TRAJ48|CAADGPPWVSNFGNEKLTF	TRAV29/DV5|TRAJ48|CAADGPPWVSNFGNEKLTF
AAAAAAAAAAAATGTG	TRA	True	True	True	False	True	False	TRAV14DV4|TRAJ17|CAMRSKQAAGNKLTF	TRAV14/DV4|TRAJ17|CAMRSKQAAGNKLTF
AAAAAAAAAAAATGTT	TRA	True	True	True	True	True	True	TRAV22|TRAJ17|CAYIKAAGNKLTF	TRAV22|TRAJ17|CAYIKAAGNKLTF
AAAAAAAAAAAATTAA	TRA	True	True	True	True	True	True	TRAV9-2|TRAJ23|CASGIYNQGGKLIF	TRAV9-2|TRAJ23|CASGIYNQGGKLIF
AAAAAAAAAAAATTAC	TRA	True	True	True	True	True	True	TRAV12-2|TRAJ27|CAVEWNTNAGKSTF	TRAV12-2|TRAJ27|CAVEWNTNAGKSTF
AAAAAAAAAAAATTAG	TRA	True	True	True	True	True	True	TRAV12-1|TRAJ4|CSKSGGYNKLIF	TRAV12-1|TRAJ4|CSKSGGYNKLIF
AAAAAAAAAAAATTAT	TRA	True	True	True	True	True	True	TRAV21|TRAJ26|CAVNLSNYGQNFVF	TRAV21|TRAJ26|CAVNLSNYGQNFVF
AAAAAAAAAAAATTCA	TRA	True	True	True	False	True	False	TRAV29DV5|TRAJ44|CAASGSGGTASKLTF	TRAV29/DV5|TRAJ44|CAASGSGGTASKLTF
AAAAAAAAAAAATTCC	TRA	True	True	True	True	True	True	TRAV2|TRAJ21|CAVGSSQFNKFYF	TRAV2|TRAJ21|CAVGSSQFNKFYF
AAAAAAAAAAAATTCG	TRA	True	True	True	True	True	True	TRAV3|TRAJ7|CANLDYGNNRLAF	TRAV3|TRAJ7|CANLDYGNNRLAF
AAAAAAAAAAAATTCT	TRA	True	True	True	True	True	True	TRAV19|TRAJ49|CALDPNTGNQFYF	TRAV19|TRAJ49|CALDPNTGNQFYF
AAAAAAAAAAAATTGA	TRA	True	True	True	True	True	True	TRAV9-2|TRAJ36|CANKQTGANNLFF	TRAV9-2|TRAJ36|CANKQTGANNLFF
AAAAAAAAAAAATTGC	TRA	True	True	True	True	True	True	TRAV41|TRAJ57|CAVTSVPISEKLVF	TRAV41|TRAJ57|CAVTSVPISEKLVF
AAAAAAAAAAAATTGG	TRA	True	True	True	True	True	True	TRAV27|TRAJ44|CADKPDNTGTASKLTF	TRAV27|TRAJ44|CADKPDNTGTASKLTF
AAAAAAAAAAAATTGT	TRA	True	True	True	True	True	True	TRAV19|TRAJ52|CALDSGTTSYGKLTF	TRAV19|TRAJ52|CALDSGTTSYGKLTF
AAAAAAAAAAAATTTA	TRA	True	True	True	True	True	True	TRAV8-2|TRAJ23|CVVQKGAGGKLIF	TRAV8-2|TRAJ23|CVVQKGAGGKLIF
AAAAAAAAAAAATTTC	TRA	True	True	True	True	True	True	TRAV19|TRAJ49|CALGGVGNTGNQFYF	TRAV19|TRAJ49|CALGGVGNTGNQFYF
AAAAAAAAAAAATTTG	TRA	True	False	False	False	False	False	TRAV29DV5|TRAJ49|CAAIAGPGNTGNQFYF	
AAAAAAAAAAAATTTT	TRA	True	True	True	True	True	True	TRAV3|TRAJ7|CAVDADYGNNRLAF	TRAV3|TRAJ7|CAVDADYGNNRLAF
AAAAAAAAAAACAAAA	TRA	True	True	True	True	True	True	TRAV21|TRAJ49|CAHSYTGNQFYF	TRAV21|TRAJ49|CAHSYTGNQFYF
AAAAAAAAAAACAAAC	TRA	True	True	True	True	True	True	TRAV8-3|TRAJ23|CAVGGYNQGGKLIF	TRAV8-3|TRAJ23|CAVGGYNQGGKLIF
AAAAAAAAAAACAAAG	TRA	True	True	True	True	True	True	TRAV41|TRAJ42|CAVKRFYGNLIF	TRAV41|TRAJ42|CAVKRFYGNLIF
AAAAAAAAAAACAAAT	TRA	True	True	True	True	True	True	TRAV10|TRAJ3|CVPPSASKIIF	TRAV10|TRAJ3|CVPPSASKIIF
AAAAAAAAAAACAACA	TRA	True	True	True	True	True	True	TRAV26-2|TRAJ26|CILRISDNYGQNFVF	TRAV26-2|TRAJ26|CILRISDNYGQNFVF
AAAAAAAAAAACAACC	TRA	True	True	True	True	True	True	TRAV19|TRAJ10|CALSQILTGGGNKLTF	TRAV19|TRAJ10|CALSQILTGGGNKLTF
AAAAAAAAAAACAACG	TRA	True	True	True	True	True	True	TRAV9-2|TRAJ26|CAGLRDNYGQNFVF	TRAV9-2|TRAJ26|CAGLRDNYGQNFVF
AAAAAAAAAAACAACT	TRA	True	True	True	True	True	True	TRAV13-2|TRAJ37|CAEPLDGSSNTGKLIF	TRAV13-2|TRAJ37|CAEPLDGSSNTGKLIF
AAAAAAAAAAACAAGA	TRA	True	True	True	False	True	False	TRAV29DV5|TRAJ24|CASRTTDSWGKFQF	TRAV29/DV5|TRAJ24|CASRTTDSWGKFQF
AAAAAAAAAAACAAGC	TRA	True	True	True	True	True	True	TRAV1-2|TRAJ33|CSTRDSNYQLIW	TRAV1-2|TRAJ33|CSTRDSNYQLIW
AAAAAAAAAAACAAGG	TRA	True	True	True	True	True	True	TRAV8-4|TRAJ39|CAVSGPNNNAGNMLTF	TRAV8-4|TRAJ39|CAVSGPNNNAGNMLTF
AAAAAAAAAAACAAGT	TRA	True	True	True	True	True	True	TRAV12-2|TRAJ9|CASYRTGGFKTIF	TRAV12-2|TRAJ9|CASYRTGGFKTIF
AAAAAAAAAAACAATA	TRA	True	True	True	True	True	True	TRAV12-2|TRAJ9|CASASTGGFKTIF	TRAV12-2|TRAJ9|CASASTGGFKTIF
AAAAAAAAAAACAATC	TRA	True	True	True	True	True	True	TRAV9-2|TRAJ3|CDRRTGYSSASKIIF	TRAV9-2|TRAJ3|CDRRTGYSSASKIIF
AAAAAAAAAAACAATG	TRA	True	True	True	True	True	True	TRAV41|TRAJ42|CAVSPLYGGSQGNLIF	TRAV41|TRAJ42|CAVSPLYGGSQGNLIF
AAAAAAAAAAACAATT	TRA	True	True	True	True	True	True	TRAV16|TRAJ49|CALPNTGNQFYF	TRAV16|TRAJ49|CALPNTGNQFYF
AAAAAAAAAAACACAA	TRA	True	True	True	True	True	True	TRAV8-4|TRAJ57|CAELVGTQGGSEKLVF	TRAV8-4|TRAJ57|CAELVGTQGGSEKLVF
AAAAAAAAAAACACAC	TRA	True	False	False	False	False	False	TRAV9-2|TRAJ49|CAMPRNTGNQFYF	
AAAAAAAAAAACACAG	TRA	True	True	True	True	True	True	TRAV17|TRAJ10|CAGYLTGGGNKLTF	TRAV17|TRAJ10|CAGYLTGGGNKLTF
AAAAAAAAAAACACAT	TRA	True	True	True	True	True	True	TRAV3|TRAJ26|CAVADNYGQNFVF	TRAV3|TRAJ26|CAVADNYGQNFVF
AAAAAAAAAAACACCA	TRA	True	True	True	True	True	True	TRAV38-1|TRAJ32|CAFSGLRTNYGGATNKLIF	TRAV38-1|TRAJ32|CAFSGLRTNYGGATNKLIF
AAAAAAAAAAACACCC	TRA	True	True	True	True	True	True	TRAV27|TRAJ37|NLGEGSSNTGKLIF	TRAV27|TRAJ37|NLGEGSSNTGKLIF
AAAAAAAAAAACACCG	TRA	True	True	True	True	True	True	TRAV26-1|TRAJ54|CIVRSAPIQGAQKLVF	TRAV26-1|TRAJ54|CIVRSAPIQGAQKLVF
AAAAAAAAAAACACCT	TRA	True	True	True	True	True	True	TRAV17|TRAJ7|CADGGLYYGNNRLAF	TRAV17|TRAJ7|CADGGLYYGNNRLAF
AAAAAAAAAAACACGA	TRA	True	True	True	True	True	True	TRAV39|TRAJ57|CAVMTQGGSEKLVF	TRAV39|TRAJ57|CAVMTQGGSEKLVF
AAAAAAAAAAACACGC	TRA	True	True	True	True	True	True	TRAV13-1|TRAJ6|CAADQRASGGSYIPTF	TRAV13-1|TRAJ6|CAADQRASGGSYIPTF
AAAAAAAAAAACACGG	TRA	True	True	True	True	True	True	TRAV19|TRAJ5|CALSPTSSDTGRRALTF	TRAV19|TRAJ5|CALSPTSSDTGRRALTF
AAAAAAAAAAACACGT	TRA	True	True	True	True	True	True	TRAV12-1|TRAJ18|CVHRDRGSTLGRLYF	TRAV12-1|TRAJ18|CVHRDRGSTLGRLYF
AAAAAAAAAAACACTA	TRA	True	True	True	True	True	True	TRAV13-1|TRAJ4|CARHELMSGGYNKLIF	TRAV13-1|TRAJ4|CARHELMSGGYNKLIF
AAAAAAAAAAACACTC	TRA	True	False	False	False	False	False	TRAV36DV7|TRAJ37|CAATGSSNTGKLIF	
AAAAAAAAAAACACTG	TRA	True	True	True	False	True	False	TRAV29DV5|TRAJ43|CANRVANNDMRF	TRAV29/DV5|TRAJ43|CANRVANNDMRF
AAAAAAAAAAACACTT	TRA	True	True	True	True	True	True	TRAV9-2|TRAJ49|CALSRNTGNQFYF	TRAV9-2|TRAJ49|CALSRNTGNQFYF
AAAAAAAAAAACAGAA	TRA	True	True	True	True	True	True	TRAV22|TRAJ21|CAVSDDFNKFYF	TRAV22|TRAJ21|CAVSDDFNKFYF
AAAAAAAAAAACAGAC	TRA	True	True	True	True	True	True	TRAV12-2|TRAJ9|SAPNTGGFKTIF	TRAV12-2|TRAJ9|SAPNTGGFKTIF
AAAAAAAAAAACAGAG	TRA	True	True	True	True	True	True	TRAV8-6|TRAJ6|CAGFASGGSYIPTF	TRAV8-6|TRAJ6|CAGFASGGSYIPTF
AAAAAAAAAAACAGAT	TRA	True	True	True	True	True	True	TRAV19|TRAJ45|CALGEGYSGGGADGLTF	TRAV19|TRAJ45|CALGEGYSGGGADGLTF
AAAAAAAAAAACAGCA	TRA	True	True	True	False	True	False	TRAV29DV5|TRAJ34|CAASSDNTDKLIF	TRAV29/DV5|TRAJ34|CAASSDNTDKLIF
AAAAAAAAAAACAGCC	TRA	True	False	False	False	False	False	TRAV29DV5|TRAJ27|CAALTNAGKSTF	
AAAAAAAAAAACAGCG	TRA	True	True	True	True	True	True	TRAV8-1|TRAJ17|CAVDKIKAAGNKLTF	TRAV8-1|TRAJ17|CAVDKIKAAGNKLTF
AAAAAAAAAAACAGCT	TRA	True	True	True	True	True	True	TRAV12-2|TRAJ3|CANGFGYSSASKIIF	TRAV12-2|TRAJ3|CANGFGYSSASKIIF
AAAAAAAAAAACAGGA	TRA	True	True	True	True	True	True	TRAV8-1|TRAJ3|CAVASDSSASKIIF	TRAV8-1|TRAJ3|CAVASDSSASKIIF
AAAAAAAAAAACAGGC	TRA	True	True	True	True	True	True	TRAV21|TRAJ45|CAVSLPLYSGGGADGLTF	TRAV21|TRAJ45|CAVSLPLYSGGGADGLTF
AAAAAAAAAAACAGGG	TRA	True	True	True	True	True	True	TRAV26-1|TRAJ17|CIVRSDWAAAGNKLTF	TRAV26-1|TRAJ17|CIVRSDWAAAGNKLTF
AAAAAAAAAAACAGGT	TRA	True	True	True	True	True	True	TRAV41|TRAJ52|CAVSKGDSTSYGKLTF	TRAV41|TRAJ52|CAVSKGDSTSYGKLTF
AAAAAAAAAAACAGTA	TRA	True	True	True	True	True	True	TRAV1-2|TRAJ33|CSLPVPDSNYQLIW	TRAV1-2|TRAJ33|CSLPVPDSNYQLIW
AAAAAAAAAAACAGTC	TRA	True	True	True	True	True	True	TRAV26-1|TRAJ52|CIVMARAGGTSYGKLTF	TRAV26-1|TRAJ52|CIVMARAGGTSYGKLTF
AAAAAAAAAAACAGTG	TRA	True	True	True	True	True	True	TRAV12-3|TRAJ45|CAMERDYSGGGADGLTF	TRAV12-3|TRAJ45|CAMERDYSGGGADGLTF
AAAAAAAAAAACAGTT	TRA	True	True	True	True	True	True	TRAV24|TRAJ22|CAPLESGSARQLTF	TRAV24|TRAJ22|CAPLESGSARQLTF
AAAAAAAAAAACATAA	TRA	True	True	True	True	True	True	TRAV12-1|TRAJ37|CVIPMGTGKLIF	TRAV12-1|TRAJ37|CVIPMGTGKLIF
AAAAAAAAAAACATAC	TRA	True	True	True	True	True	True	TRAV6|TRAJ13|CGDRDNSGGYQKVTF	TRAV6|TRAJ13|CGDRDNSGGYQKVTF
AAAAAAAAAAACATAG	TRA	True	True	True	False	True	False	TRAV14DV4|TRAJ40|CAMSKGMTTSGTYKYIF	TRAV14/DV4|TRAJ40|CAMSKGMTTSGTYKYIF
AAAAAAAAAAACATAT	TRA	True	True	True	True	True	True	TRAV12-1|TRAJ30|CVVYNRDDKIIF	TRAV12-1|TRAJ30|CVVYNRDDKIIF
AAAAAAAAAAACATCA	TRA	True	True	True	True	True	True	TRAV13-1|TRAJ20|CSRGRSNDYKLSF	TRAV13-1|TRAJ20|CSRGRSNDYKLSF
AAAAAAAAAAACATCC	TRA	True	True	True	True	True	True	TRAV13-1|TRAJ53|CADLNSGGSNYKLTF	TRAV13-1|TRAJ53|CADLNSGGSNYKLTF
AAAAAAAAAAACATCG	TRA	True	True	True	True	True	True	TRAV13-1|TRAJ43|CAAALVNNNDMRF	TRAV13-1|TRAJ43|CAAALVNNNDMRF
AAAAAAAAAAACATCT	TRA	True	True	True	True	True	True	TRAV12-2|TRAJ42|CAVSAPSNYGGSQGNLIF	TRAV12-2|TRAJ42|CAVSAPSNYGGSQGNLIF
AAAAAAAAAAACATGA	TRA	True	False	False	False	False	False	TRAV9-2|TRAJ13|CALDPAPGSGGYQKVTF	
AAAAAAAAAAACATGC	TRA	True	True	True	True	True	True	TRAV12-2|TRAJ30|CNVGMNRDDKIIF	TRAV12-2|TRAJ30|CNVGMNRDDKIIF
AAAAAAAAAAACATGG	TRA	True	True	True	True	True	True	TRAV13-1|TRAJ7|CAASSMYGNNRLAF	TRAV13-1|TRAJ7|CAASSMYGNNRLAF
AAAAAAAAAAACATGT	TRA	True	True	True	True	True	True	TRAV21|TRAJ47|CAVQMGEYGNKLVF	TRAV21|TRAJ47|CAVQMGEYGNKLVF
AAAAAAAAAAACATTA	TRA	True	True	True	True	True	True	TRAV5|TRAJ6|CASGGGSYIPTF	TRAV5|TRAJ6|CASGGGSYIPTF
AAAAAAAAAAACATTC	TRA	True	True	True	True	True	True	TRAV12-1|TRAJ24|CVGPPRTTDSWGKFQF	TRAV12-1|TRAJ24|CVGPPRTTDSWGKFQF
AAAAAAAAAAACATTG	TRA	True	True	True	False	True	False	TRAV38-2DV8|TRAJ45|CAIMFYSGGGADGLTF	TRAV38-2/DV8|TRAJ45|CAIMFYSGGGADGLTF
AAAAAAAAAAACATTT	TRA	True	True	True	True	True	True	TRAV2|TRAJ29|CAEAASGNTPLVF	TRAV2|TRAJ29|CAEAASGNTPLVF
AAAAAAAAAAACCAAA	TRA	True	True	True	False	True	False	TRAV14DV4|TRAJ30|CAMSPLNRDDKIIF	TRAV14/DV4|TRAJ30|CAMSPLNRDDKIIF
AAAAAAAAAAACCAAC	TRA	True	False	False	False	False	False	TRAV21|TRAJ56|CADSLRYTGANSKLTF	
AAAAAAAAAAACCAAG	TRA	True	True	True	False	True	False	TRAV12-2|TRAJ26|CAILRYSGDNYGQNFVF	TRAV12-3|TRAJ26|CAILRYSGDNYGQNFVF
AAAAAAAAAAACCAAT	TRA	True	True	True	False	True	False	TRAV23DV6|TRAJ48|CAAVFVNFGNEKLTF	TRAV23/DV6|TRAJ48|CAAVFVNFGNEKLTF
AAAAAAAAAAACCACA	TRA	True	True	True	True	True	True	TRAV27|TRAJ53|CANMYSNYKLTF	TRAV27|TRAJ53|CANMYSNYKLTF
AAAAAAAAAAACCACC	TRA	True	True	True	False	True	False	TRAV14DV4|TRAJ29|CAMRIKQGSGNTPLVF	TRAV14/DV4|TRAJ29|CAMRIKQGSGNTPLVF
AAAAAAAAAAACCACG	TRA	True	True	True	True	True	True	TRAV8-2|TRAJ43|CVSRGNNNDMRF	TRAV8-2|TRAJ43|CVSRGNNNDMRF
AAAAAAAAAAACCACT	TRA	True	True	True	True	True	True	TRAV22|TRAJ20|CASDPVGSSSNDYKLSF	TRAV22|TRAJ20|CASDPVGSSSNDYKLSF
AAAAAAAAAAACCAGA	TRA	True	True	True	True	True	True	TRAV20|TRAJ9|CAVGIGANTGGFKTIF	TRAV20|TRAJ9|CAVGIGANTGGFKTIF
AAAAAAAAAAACCAGC	TRA	True	True	True	False	True	False	TRAV38-2DV8|TRAJ57|CAYRSPQGGSEKLVF	TRAV38-2/DV8|TRAJ57|CAYRSPQGGSEKLVF
AAAAAAAAAAACCAGG	TRA	True	True	True	True	True	True	TRAV1-1|TRAJ28|CAVTIWWYSGAGSYQLTF	TRAV1-1|TRAJ28|CAVTIWWYSGAGSYQLTF
AAAAAAAAAAACCAGT	TRA	True	True	True	True	True	True	TRAV19|TRAJ17|CALSQVYGSIKAAGNKLTF	TRAV19|TRAJ17|CALSQVYGSIKAAGNKLTF
AAAAAAAAAAACCATA	TRA	True	True	True	False	True	False	TRAV38-2DV8|TRAJ43|CAYAAHNNNDMRF	TRAV38-2/DV8|TRAJ43|CAYAAHNNNDMRF
AAAAAAAAAAACCATC	TRA	True	True	True	True	True	True	TRAV13-1|TRAJ48|CAAKGFGNEKLTF	TRAV13-1|TRAJ48|CAAKGFGNEKLTF
AAAAAAAAAAACCATG	TRA	True	True	True	True	True	True	TRAV12-1|TRAJ13|CVGGPSGNSGGYQKVTF	TRAV12-1|TRAJ13|CVGGPSGNSGGYQKVTF
AAAAAAAAAAACCATT	TRA	True	True	True	False	True	False	TRAV38-2DV8|TRAJ53|CAYSPEKKLTF	TRAV38-2/DV8|TRAJ53|CAYSPEKKLTF
AAAAAAAAAAACCCAA	TRA	True	True	True	True	True	True	TRAV41|TRAJ40|CPPTTSGTYKYIF	TRAV41|TRAJ40|CPPTTSGTYKYIF
AAAAAAAAAAACCCAC	TRA	True	True	True	True	True	True	TRAV8-3|TRAJ10|CGILTGGGNKLTF	TRAV8-3|TRAJ10|CGILTGGGNKLTF
AAAAAAAAAAACCCAG	TRA	True	True	True	True	True	True	TRAV8-6|TRAJ23|CAVSRSGYNQGGKLIF	TRAV8-6|TRAJ23|CAVSRSGYNQGGKLIF
AAAAAAAAAAACCCAT	TRA	True	False	False	False	False	False	TRAV16|TRAJ29|CALVFNTPLVF	
AAAAAAAAAAACCCCA	TRA	True	True	True	True	True	True	TRAV12-3|TRAJ20|CQLRGSNDYKLSF	TRAV12-3|TRAJ20|CQLRGSNDYKLSF
AAAAAAAAAAACCCCC	TRA	True	True	True	True	True	True	TRAV13-1|TRAJ54|CASPRIQGAQKLVF	TRAV13-1|TRAJ54|CASPRIQGAQKLVF
AAAAAAAAAAACCCCG	TRA	True	True	True	True	True	True	TRAV13-2|TRAJ6|CAEEAWASGGSYIPTF	TRAV13-2|TRAJ6|CAEEAWASGGSYIPTF
AAAAAAAAAAACCCCT	TRA	True	True	True	True	True	True	TRAV12-2|TRAJ9|CAKIGSTGGFKTIF	TRAV12-2|TRAJ9|CAKIGSTGGFKTIF
AAAAAAAAAAACCCGA	TRA	True	True	True	True	True	True	TRAV8-4|TRAJ5|CAVGHGGRRALTF	TRAV8-4|TRAJ5|CAVGHGGRRALTF
AAAAAAAAAAACCCGC	TRA	True	True	True	True	True	True	TRAV17|TRAJ7|CATRSGNNRLAF	TRAV17|TRAJ7|CATRSGNNRLAF
AAAAAAAAAAACCCGG	TRA	True	True	True	True	True	True	TRAV12-1|TRAJ6|CVVKIFMSGGSYIPTF	TRAV12-1|TRAJ6|CVVKIFMSGGSYIPTF
AAAAAAAAAAACCCGT	TRA	True	True	True	True	True	True	TRAV8-2|TRAJ42|CVVTKANYGGSQGNLIF	TRAV8-2|TRAJ42|CVVTKANYGGSQGNLIF
AAAAAAAAAAACCCTA	TRA	True	True	True	True	True	True	TRAV20|TRAJ6|CAVRVASGGSYIPTF	TRAV20|TRAJ6|CAVRVASGGSYIPTF
AAAAAAAAAAACCCTC	TRA	True	True	True	True	True	True	TRAV12-2|TRAJ6|CAVILASGGSYIPTF	TRAV12-2|TRAJ6|CAVILASGGSYIPTF
AAAAAAAAAAACCCTG	TRA	True	True	True	False	True	False	TRAV14DV4|TRAJ20|CAEATGSNDYKLSF	TRAV14/DV4|TRAJ20|CAEATGSNDYKLSF
AAAAAAAAAAACCCTT	TRA	True	True	True	False	True	False	TRAV36DV7|TRAJ58|CAVERESETSGSRLTF	TRAV36/DV7|TRAJ58|CAVERESETSGSRLTF
AAAAAAAAAAACCGAA	TRA	True	True	True	True	True	True	TRAV13-1|TRAJ24|CAAVGYDSWGKFQF	TRAV13-1|TRAJ24|CAAVGYDSWGKFQF
AAAAAAAAAAACCGAC	TRA	True	True	True	True	True	True	TRAV26-1|TRAJ37|CIVLDRSSNTGKLIF	TRAV26-1|TRAJ37|CIVLDRSSNTGKLIF
AAAAAAAAAAACCGAG	TRA	True	True	True	False	True	False	TRAV29DV5|TRAJ37|CAASGAGSSNTGKLIF	TRAV29/DV5|TRAJ37|CAASGAGSSNTGKLIF
AAAAAAAAAAACCGAT	TRA	True	True	True	True	True	True	TRAV12-1|TRAJ11|CVVMGRSTLTF	TRAV12-1|TRAJ11|CVVMGRSTLTF
AAAAAAAAAAACCGCA	TRA	True	True	True	True	True	True	TRAV12-2|TRAJ53|SKDNSGGSNYKLTF	TRAV12-2|TRAJ53|SKDNSGGSNYKLTF
AAAAAAAAAAACCGCC	TRA	True	False	False	False	False	False	TRAV26-1|TRAJ39|CIVRSQDNNNAGNMLTF	
AAAAAAAAAAACCGCG	TRA	True	True	True	False	True	False	TRAV29DV5|TRAJ42|CAPRRINYGGSQGNLIF	TRAV29/DV5|TRAJ42|CAPRRINYGGSQGNLIF
AAAAAAAAAAACCGCT	TRA	True	True	True	True	True	True	TRAV8-2|TRAJ23|CVDPFIYNQGGKLIF	TRAV8-2|TRAJ23|CVDPFIYNQGGKLIF
AAAAAAAAAAACCGGA	TRA	True	True	True	True	True	True	TRAV1-2|TRAJ33|CNSPDSNYQLIW	TRAV1-2|TRAJ33|CNSPDSNYQLIW
AAAAAAAAAAACCGGC	TRA	True	True	True	True	True	True	TRAV17|TRAJ43|CATDTNNDMRF	TRAV17|TRAJ43|CATDTNNDMRF
AAAAAAAAAAACCGGG	TRA	True	True	True	False	True	False	TRAV23DV6|TRAJ53|CTSSGGSNYKLTF	TRAV23/DV6|TRAJ53|CTSSGGSNYKLTF
AAAAAAAAAAACCGGT	TRA	True	True	True	True	True	True	TRAV8-2|TRAJ37|CVVKRPGSSNTGKLIF	TRAV8-2|TRAJ37|CVVKRPGSSNTGKLIF
AAAAAAAAAAACCGTA	TRA	True	True	True	True	True	True	TRAV26-1|TRAJ27|CIVRQLGSNAGKSTF	TRAV26-1|TRAJ27|CIVRQLGSNAGKSTF
AAAAAAAAAAACCGTC	TRA	True	True	True	False	True	False	TRAV29DV5|TRAJ49|CAADSNTGNQFYF	TRAV29/DV5|TRAJ49|CAADSNTGNQFYF
AAAAAAAAAAACCGTG	TRA	True	True	True	True	True	True	TRAV1-1|TRAJ9|CASIYTGGFKTIF	TRAV1-1|TRAJ9|CASIYTGGFKTIF
AAAAAAAAAAACCGTT	TRA	True	True	True	True	True	True	TRAV26-1|TRAJ20|CARNGSNDYKLSF	TRAV26-1|TRAJ20|CARNGSNDYKLSF
AAAAAAAAAAACCTAA	TRA	True	True	True	False	True	False	TRAV14DV4|TRAJ12|CAMRAIDGMDSSYKLIF	TRAV14/DV4|TRAJ12|CAMRAIDGMDSSYKLIF
AAAAAAAAAAACCTAC	TRA	True	True	True	True	True	True	TRAV19|TRAJ33|CALNRVDSNYQLIW	TRAV19|TRAJ33|CALNRVDSNYQLIW
AAAAAAAAAAACCTAG	TRA	True	True	True	False	True	False	TRAV14DV4|TRAJ4|CASMTSGGYNKLIF	TRAV14/DV4|TRAJ4|CASMTSGGYNKLIF
AAAAAAAAAAACCTAT	TRA	True	True	True	True	True	True	TRAV19|TRAJ27|CALEGLTNAGKSTF	TRAV19|TRAJ27|CALEGLTNAGKSTF
AAAAAAAAAAACCTCA	TRA	True	True	True	True	True	True	TRAV13-1|TRAJ54|CAERRIQGAQKLVF	TRAV13-1|TRAJ54|CAERRIQGAQKLVF
AAAAAAAAAAACCTCC	TRA	True	True	True	False	True	False	TRAV14DV4|TRAJ26|CAMRSARNYGQNFVF	TRAV14/DV4|TRAJ26|CAMRSARNYGQNFVF
AAAAAAAAAAACCTCG	TRA	True	True	True	False	True	False	TRAV29DV5|TRAJ45|CAASLASGGGADGLTF	TRAV29/DV5|TRAJ45|CAASLASGGGADGLTF
AAAAAAAAAAACCTCT	TRA	True	False	False	False	False	False	TRAV12-3|TRAJ11|CARGANSGYSTLTF	
AAAAAAAAAAACCTGA	TRA	True	False	False	False	False	False	TRAV19|TRAJ40|CALSDPFGSGTYKYIF	
AAAAAAAAAAACCTGC	TRA	True	True	True	False	True	False	TRAV14DV4|TRAJ5|CAMETTDTGRRALTF	TRAV14/DV4|TRAJ5|CAMETTDTGRRALTF
AAAAAAAAAAACCTGG	TRA	True	True	True	True	True	True	TRAV21|TRAJ43|CANRNNNDMRF	TRAV21|TRAJ43|CANRNNNDMRF
AAAAAAAAAAACCTGT	TRA	True	True	True	True	True	True	TRAV8-1|TRAJ13|CASVKGGGYQKVTF	TRAV8-1|TRAJ13|CASVKGGGYQKVTF
AAAAAAAAAAACCTTA	TRA	True	True	True	False	True	False	TRAV14DV4|TRAJ38|CSARNAGNNRKLIW	TRAV14/DV4|TRAJ38|CSARNAGNNRKLIW
AAAAAAAAAAACCTTC	TRA	True	True	True	False	True	False	TRAV38-2DV8|TRAJ32|CAYDIDNYGGATNKLIF	TRAV38-2/DV8|TRAJ32|CAYDIDNYGGATNKLIF
AAAAAAAAAAACCTTG	TRA	True	False	False	False	False	False	TRAV22|TRAJ49|CAVVRTGNQFYF	
AAAAAAAAAAACCTTT	TRA	True	True	True	True	True	True	TRAV19|TRAJ53|CAAWHGGSNYKLTF	TRAV19|TRAJ53|CAAWHGGSNYKLTF
AAAAAAAAAAACGAAA	TRA	True	True	True	False	True	False	TRAV38-2DV8|TRAJ56|CAYRSGSTGANSKLTF	TRAV38-2/DV8|TRAJ56|CAYRSGSTGANSKLTF
AAAAAAAAAAACGAAC	TRA	True	True	True	True	True	True	TRAV3|TRAJ29|CAVSERGSGNTPLVF	TRAV3|TRAJ29|CAVSERGSGNTPLVF
AAAAAAAAAAACGAAG	TRA	True	True	True	True	True	True	TRAV8-6|TRAJ53|CAVQVGANSGGSNYKLTF	TRAV8-6|TRAJ53|CAVQVGANSGGSNYKLTF
AAAAAAAAAAACGAAT	TRA	True	True	True	False	True	False	TRAV29DV5|TRAJ34|CAASQPTTDKLIF	TRAV29/DV5|TRAJ34|CAASQPTTDKLIF
AAAAAAAAAAACGACA	TRA	True	True	True	True	True	True	TRAV9-2|TRAJ5|CAVDADTGRRALTF	TRAV9-2|TRAJ5|CAVDADTGRRALTF
AAAAAAAAAAACGACC	TRA	True	True	True	True	True	True	TRAV8-2|TRAJ49|CSYNTGNQFYF	TRAV8-2|TRAJ49|CSYNTGNQFYF
AAAAAAAAAAACGACG	TRA	True	True	True	True	True	True	TRAV13-1|TRAJ23|CAAKVAWYNQGGKLIF	TRAV13-1|TRAJ23|CAAKVAWYNQGGKLIF
AAAAAAAAAAACGACT	TRA	True	False	False	False	False	False	TRAV29DV5|TRAJ49|CAIRTGNQFYF	
AAAAAAAAAAACGAGA	TRA	True	True	True	True	True	True	TRAV16|TRAJ42|CADGKNYGGSQGNLIF	TRAV16|TRAJ42|CADGKNYGGSQGNLIF
AAAAAAAAAAACGAGC	TRA	True	True	True	True	True	True	TRAV13-2|TRAJ29|CNNDSGNTPLVF	TRAV13-2|TRAJ29|CNNDSGNTPLVF
AAAAAAAAAAACGAGG	TRA	True	True	True	True	True	True	TRAV39|TRAJ58|CASPGRGETSGSRLTF	TRAV39|TRAJ58|CASPGRGETSGSRLTF
AAAAAAAAAAACGAGT	TRA	True	True	True	True	True	True	TRAV10|TRAJ42|CVVQLNYGGSQGNLIF	TRAV10|TRAJ42|CVVQLNYGGSQGNLIF
AAAAAAAAAAACGATA	TRA	True	True	True	True	True	True	TRAV3|TRAJ43|CAVRLIPNDMRF	TRAV3|TRAJ43|CAVRLIPNDMRF
AAAAAAAAAAACGATC	TRA	True	True	True	False	True	False	TRAV38-2DV8|TRAJ48|CAYRESSNFGNEKLTF	TRAV38-2/DV8|TRAJ48|CAYRESSNFGNEKLTF
AAAAAAAAAAACGATG	TRA	True	True	True	True	True	True	TRAV5|TRAJ40|VPASGTYKYIF	TRAV5|TRAJ40|VPASGTYKYIF
AAAAAAAAAAACGATT	TRA	True	True	True	True	True	True	TRAV27|TRAJ41|HNASNSGYALNF	TRAV27|TRAJ41|HNASNSGYALNF
AAAAAAAAAAACGCAA	TRA	True	True	True	True	True	True	TRAV19|TRAJ58|CAIAIETSGSRLTF	TRAV19|TRAJ58|CAIAIETSGSRLTF
AAAAAAAAAAACGCAC	TRA	True	True	True	True	True	True	TRAV13-1|TRAJ43|CDLFDNNNDMRF	TRAV13-1|TRAJ43|CDLFDNNNDMRF
AAAAAAAAAAACGCAG	TRA	True	True	True	True	True	True	TRAV12-3|TRAJ42|CAMDLFSQGNLIF	TRAV12-3|TRAJ42|CAMDLFSQGNLIF
AAAAAAAAAAACGCAT	TRA	True	False	False	False	False	False	TRAV8-3|TRAJ27|CAVVGVMTNAGKSTF	
AAAAAAAAAAACGCCA	TRA	True	True	True	True	True	True	TRAV8-6|TRAJ23|CATRIYNQGGKLIF	TRAV8-6|TRAJ23|CATRIYNQGGKLIF
AAAAAAAAAAACGCCC	TRA	True	True	True	True	True	True	TRAV12-2|TRAJ9|CASADTGGFKTIF	TRAV12-2|TRAJ9|CASADTGGFKTIF
AAAAAAAAAAACGCCG	TRA	True	True	True	True	True	True	TRAV20|TRAJ54|CAVATIQGAQKLVF	TRAV20|TRAJ54|CAVATIQGAQKLVF
AAAAAAAAAAACGCCT	TRA	True	True	True	True	True	True	TRAV21|TRAJ58|CATMETSGSRLTF	TRAV21|TRAJ58|CATMETSGSRLTF
AAAAAAAAAAACGCGA	TRA	True	True	True	True	True	True	TRAV12-2|TRAJ12|CAEKGMDSSYKLIF	TRAV12-2|TRAJ12|CAEKGMDSSYKLIF
AAAAAAAAAAACGCGC	TRA	True	True	True	True	True	True	TRAV41|TRAJ34|CAVEGYNTDKLIF	TRAV41|TRAJ34|CAVEGYNTDKLIF
AAAAAAAAAAACGCGG	TRA	True	True	True	True	True	True	TRAV13-1|TRAJ42|CAKANYGGSQGNLIF	TRAV13-1|TRAJ42|CAKANYGGSQGNLIF
AAAAAAAAAAACGCGT	TRA	True	True	True	True	True	True	TRAV12-2|TRAJ9|CAVEKNTGGFKTIF	TRAV12-2|TRAJ9|CAVEKNTGGFKTIF
AAAAAAAAAAACGCTA	TRA	True	True	True	True	True	True	TRAV16|TRAJ47|CALGAEYGNKLVF	TRAV16|TRAJ47|CALGAEYGNKLVF
AAAAAAAAAAACGCTC	TRA	True	True	True	True	True	True	TRAV19|TRAJ39|CALNLSNNNAGNMLTF	TRAV19|TRAJ39|CALNLSNNNAGNMLTF
AAAAAAAAAAACGCTG	TRA	True	True	True	True	True	True	TRAV19|TRAJ34|CALSNIRPSYNTDKLIF	TRAV19|TRAJ34|CALSNIRPSYNTDKLIF
AAAAAAAAAAACGCTT	TRA	True	True	True	False	True	False	TRAV14DV4|TRAJ13|CAMAPGRYQKVTF	TRAV14/DV4|TRAJ13|CAMAPGRYQKVTF
AAAAAAAAAAACGGAA	TRA	True	True	True	True	True	True	TRAV8-3|TRAJ48|CALRSNFGNEKLTF	TRAV8-3|TRAJ48|CALRSNFGNEKLTF
AAAAAAAAAAACGGAC	TRA	True	True	True	True	True	True	TRAV21|TRAJ17|CAVSLRLIKAAGNKLTF	TRAV21|TRAJ17|CAVSLRLIKAAGNKLTF
AAAAAAAAAAACGGAG	TRA	True	True	True	True	True	True	TRAV27|TRAJ17|CASHIKAAGNKLTF	TRAV27|TRAJ17|CASHIKAAGNKLTF
AAAAAAAAAAACGGAT	TRA	True	True	True	True	True	True	TRAV34|TRAJ54|CGAEPQGAQKLVF	TRAV34|TRAJ54|CGAEPQGAQKLVF
AAAAAAAAAAACGGCA	TRA	True	True	True	False	True	False	TRAV14DV4|TRAJ5|CAMRSTLADTGRRALTF	TRAV14/DV4|TRAJ5|CAMRSTLADTGRRALTF
AAAAAAAAAAACGGCC	TRA	True	True	True	True	True	True	TRAV1-1|TRAJ10|CAVNDQTGGGNKLTF	TRAV1-1|TRAJ10|CAVNDQTGGGNKLTF
AAAAAAAAAAACGGCG	TRA	True	True	True	True	True	True	TRAV21|TRAJ37|CAVSRGRESSNTGKLIF	TRAV21|TRAJ37|CAVSRGRESSNTGKLIF
AAAAAAAAAAACGGCT	TRA	True	True	True	True	True	True	TRAV12-2|TRAJ12|CAVPARSSYKLIF	TRAV12-2|TRAJ12|CAVPARSSYKLIF
AAAAAAAAAAACGGGA	TRA	True	True	True	True	True	True	TRAV1-2|TRAJ33|CVDSNYQLIW	TRAV1-2|TRAJ33|CVDSNYQLIW
AAAAAAAAAAACGGGC	TRA	True	True	True	True	True	True	TRAV9-2|TRAJ53|CALPMGGSNYKLTF	TRAV9-2|TRAJ53|CALPMGGSNYKLTF
AAAAAAAAAAACGGGG	TRA	True	False	False	False	False	False	TRAV9-2|TRAJ42|CATIPTYNYGGSQGNLIF	
AAAAAAAAAAACGGGT	TRA	True	True	True	True	True	True	TRAV41|TRAJ22|CARPTEGSARQLTF	TRAV41|TRAJ22|CARPTEGSARQLTF
AAAAAAAAAAACGGTA	TRA	True	True	True	True	True	True	TRAV8-3|TRAJ40|CAVSRFEATSGTYKYIF	TRAV8-3|TRAJ40|CAVSRFEATSGTYKYIF
AAAAAAAAAAACGGTC	TRA	True	True	True	True	True	True	TRAV8-2|TRAJ23|CVDEKIYNQGGKLIF	TRAV8-2|TRAJ23|CVDEKIYNQGGKLIF
AAAAAAAAAAACGGTG	TRA	True	True	True	True	True	True	TRAV2|TRAJ37|CAVSESGYGSSNTGKLIF	TRAV2|TRAJ37|CAVSESGYGSSNTGKLIF
AAAAAAAAAAACGGTT	TRA	True	True	True	True	True	True	TRAV21|TRAJ44|CAVQARPTGTASKLTF	TRAV21|TRAJ44|CAVQARPTGTASKLTF
AAAAAAAAAAACGTAA	TRA	True	True	True	True	True	True	TRAV12-3|TRAJ53|CSNGNSGGSNYKLTF	TRAV12-3|TRAJ53|CSNGNSGGSNYKLTF
AAAAAAAAAAACGTAC	TRA	True	True	False	True	True	False	TRAV4|TRAJ24|CLVGSRETTDSWGKFQF	TRAV4|TRAJ24|CLVGSRETTDSWGKFQL
AAAAAAAAAAACGTAG	TRA	True	True	True	True	True	True	TRAV12-2|TRAJ9|KPNTGGFKTIF	TRAV12-2|TRAJ9|KPNTGGFKTIF
AAAAAAAAAAACGTAT	TRA	True	True	True	False	True	False	TRAV14DV4|TRAJ33|CGALDSNYQLIW	TRAV14/DV4|TRAJ33|CGALDSNYQLIW
AAAAAAAAAAACGTCA	TRA	True	True	True	True	True	True	TRAV26-1|TRAJ17|CIVRGAAKAAGNKLTF	TRAV26-1|TRAJ17|CIVRGAAKAAGNKLTF
AAAAAAAAAAACGTCC	TRA	True	True	True	False	True	False	TRAV29DV5|TRAJ24|CAAGVLGTDSWGKFQF	TRAV29/DV5|TRAJ24|CAAGVLGTDSWGKFQF
AAAAAAAAAAACGTCG	TRA	True	True	True	True	True	True	TRAV26-1|TRAJ50|CIVVASRTSYDKVIF	TRAV26-1|TRAJ50|CIVVASRTSYDKVIF
AAAAAAAAAAACGTCT	TRA	True	True	True	True	True	True	TRAV17|TRAJ29|CGFRSGNTPLVF	TRAV17|TRAJ29|CGFRSGNTPLVF
AAAAAAAAAAACGTGA	TRA	True	True	True	True	True	True	TRAV12-1|TRAJ44|CVSNTGTASKLTF	TRAV12-1|TRAJ44|CVSNTGTASKLTF
AAAAAAAAAAACGTGC	TRA	True	True	True	True	True	True	TRAV13-1|TRAJ9|CARGHNTGGFKTIF	TRAV13-1|TRAJ9|CARGHNTGGFKTIF
AAAAAAAAAAACGTGG	TRA	True	True	True	True	True	True	TRAV38-1|TRAJ56|CAFMDAIYTGANSKLTF	TRAV38-1|TRAJ56|CAFMDAIYTGANSKLTF
AAAAAAAAAAACGTGT	TRA	True	True	True	True	True	True	TRAV30|TRAJ28|CGSLLYSGAGSYQLTF	TRAV30|TRAJ28|CGSLLYSGAGSYQLTF
AAAAAAAAAAACGTTA	TRA	True	True	True	True	True	True	TRAV6|TRAJ24|CAGAATTDSWGKFQF	TRAV6|TRAJ24|CAGAATTDSWGKFQF
AAAAAAAAAAACGTTC	TRA	True	True	True	True	True	True	TRAV17|TRAJ48|CATQLVHLSNFGNEKLTF	TRAV17|TRAJ48|CATQLVHLSNFGNEKLTF
AAAAAAAAAAACGTTG	TRA	True	True	True	True	True	True	TRAV21|TRAJ58|CAKSHETSGSRLTF	TRAV21|TRAJ58|CAKSHETSGSRLTF
AAAAAAAAAAACGTTT	TRA	True	True	True	True	True	True	TRAV13-1|TRAJ11|CASAPGGKSGYSTLTF	TRAV13-1|TRAJ11|CASAPGGKSGYSTLTF
AAAAAAAAAAACTAAA	TRA	True	True	True	True	True	True	TRAV20|TRAJ23|CAGGIYNQGGKLIF	TRAV20|TRAJ23|CAGGIYNQGGKLIF
AAAAAAAAAAACTAAC	TRA	True	True	True	True	True	True	TRAV13-2|TRAJ49|CEKNTGNQFYF	TRAV13-2|TRAJ49|CEKNTGNQFYF
AAAAAAAAAAACTAAG	TRA	True	True	True	True	True	True	TRAV41|TRAJ45|CAEYSGGGADGLTF	TRAV41|TRAJ45|CAEYSGGGADGLTF
AAAAAAAAAAACTAAT	TRA	True	False	False	False	False	False	TRAV12-2|TRAJ27|CAVTNTNAGKSTF	
AAAAAAAAAAACTACA	TRA	True	True	True	True	True	True	TRAV39|TRAJ45|CDGYSGGGADGLTF	TRAV39|TRAJ45|CDGYSGGGADGLTF
AAAAAAAAAAACTACC	TRA	True	True	True	True	True	True	TRAV12-3|TRAJ53|CAFELENSGGSNYKLTF	TRAV12-3|TRAJ53|CAFELENSGGSNYKLTF
AAAAAAAAAAACTACG	TRA	True	True	True	True	True	True	TRAV16|TRAJ56|CALGASYTGANSKLTF	TRAV16|TRAJ56|CALGASYTGANSKLTF
AAAAAAAAAAACTACT	TRA	True	True	True	True	True	True	TRAV8-2|TRAJ49|CVVNTANTGNQFYF	TRAV8-2|TRAJ49|CVVNTANTGNQFYF
AAAAAAAAAAACTAGA	TRA	True	True	True	True	True	True	TRAV17|TRAJ48|CVGSNFGNEKLTF	TRAV17|TRAJ48|CVGSNFGNEKLTF
AAAAAAAAAAACTAGC	TRA	True	True	True	True	True	True	TRAV13-1|TRAJ42|CAKEYGGSQGNLIF	TRAV13-1|TRAJ42|CAKEYGGSQGNLIF
AAAAAAAAAAACTAGG	TRA	True	True	True	True	True	True	TRAV26-1|TRAJ52|CINPPGTSYGKLTF	TRAV26-1|TRAJ52|CINPPGTSYGKLTF
AAAAAAAAAAACTAGT	TRA	True	True	True	True	True	True	TRAV10|TRAJ7|CVVSYIYGNNRLAF	TRAV10|TRAJ7|CVVSYIYGNNRLAF
AAAAAAAAAAACTATA	TRA	True	True	True	True	True	True	TRAV8-4|TRAJ11|CATGSGYSTLTF	TRAV8-4|TRAJ11|CATGSGYSTLTF
AAAAAAAAAAACTATC	TRA	True	True	True	True	True	True	TRAV5|TRAJ29|CTMNSGNTPLVF	TRAV5|TRAJ29|CTMNSGNTPLVF
AAAAAAAAAAACTATG	TRA	True	True	True	True	True	True	TRAV13-1|TRAJ17|CAASRPIIKAAGNKLTF	TRAV13-1|TRAJ17|CAASRPIIKAAGNKLTF
AAAAAAAAAAACTATT	TRA	True	True	True	False	True	False	TRAV29DV5|TRAJ39|CDALNNNAGNMLTF	TRAV29/DV5|TRAJ39|CDALNNNAGNMLTF
AAAAAAAAAAACTCAA	TRA	True	True	True	False	True	False	TRAV14DV4|TRAJ49|CAKASVNTGNQFYF	TRAV14/DV4|TRAJ49|CAKASVNTGNQFYF
AAAAAAAAAAACTCAC	TRA	True	True	True	True	True	True	TRAV13-1|TRAJ3|CAPSGGAASKIIF	TRAV13-1|TRAJ3|CAPSGGAASKIIF
AAAAAAAAAAACTCAG	TRA	True	True	True	True	True	True	TRAV6|TRAJ9|CASYGPGNTGGFKTIF	TRAV6|TRAJ9|CASYGPGNTGGFKTIF
AAAAAAAAAAACTCAT	TRA	True	True	True	True	True	True	TRAV12-3|TRAJ18|CAMSKSSDRGSTLGRLYF	TRAV12-3|TRAJ18|CAMSKSSDRGSTLGRLYF
AAAAAAAAAAACTCCA	TRA	True	True	True	True	True	True	TRAV1-2|TRAJ33|CSDSNYQLIW	TRAV1-2|TRAJ33|CSDSNYQLIW
AAAAAAAAAAACTCCC	TRA	True	True	True	True	True	True	TRAV19|TRAJ54|CALSIGHQGAQKLVF	TRAV19|TRAJ54|CALSIGHQGAQKLVF
AAAAAAAAAAACTCCG	TRA	True	True	True	True	True	True	TRAV3|TRAJ21|CAVRSINFNKFYF	TRAV3|TRAJ21|CAVRSINFNKFYF
AAAAAAAAAAACTCCT	TRA	True	True	True	True	True	True	TRAV19|TRAJ18|CALSAHDRGSTLGRLYF	TRAV19|TRAJ18|CALSAHDRGSTLGRLYF
AAAAAAAAAAACTCGA	TRA	True	True	True	True	True	True	TRAV1-1|TRAJ23|CAVADKEKSIYNQGGKLIF	TRAV1-1|TRAJ23|CAVADKEKSIYNQGGKLIF
AAAAAAAAAAACTCGC	TRA	True	True	True	False	True	False	TRAV14DV4|TRAJ9|CAMSTGGGNTGGFKTIF	TRAV14/DV4|TRAJ9|CAMSTGGGNTGGFKTIF
AAAAAAAAAAACTCGG	TRA	True	True	True	True	True	True	TRAV17|TRAJ58|CATRAETSGSRLTF	TRAV17|TRAJ58|CATRAETSGSRLTF
AAAAAAAAAAACTCGT	TRA	True	True	True	True	True	True	TRAV8-3|TRAJ43|CAVPPPNNDMRF	TRAV8-3|TRAJ43|CAVPPPNNDMRF
AAAAAAAAAAACTCTA	TRA	True	True	True	True	True	True	TRAV12-1|TRAJ48|CVISNFGNEKLTF	TRAV12-1|TRAJ48|CVISNFGNEKLTF
AAAAAAAAAAACTCTC	TRA	True	True	True	True	True	True	TRAV8-4|TRAJ9|CANQTGGFKTIF	TRAV8-4|TRAJ9|CANQTGGFKTIF
AAAAAAAAAAACTCTG	TRA	True	True	True	False	True	False	TRAV12-2|TRAJ48|CAVRGKGNFGNEKLTF	TRAV12-3|TRAJ48|CAVRGKGNFGNEKLTF
AAAAAAAAAAACTCTT	TRA	True	True	True	True	True	True	TRAV21|TRAJ57|CAYTQGGSEKLVF	TRAV21|TRAJ57|CAYTQGGSEKLVF
AAAAAAAAAAACTGAA	TRA	True	True	True	True	True	True	TRAV4|TRAJ29|CLVGIPQPNSGNTPLVF	TRAV4|TRAJ29|CLVGIPQPNSGNTPLVF
AAAAAAAAAAACTGAC	TRA	True	True	True	True	True	True	TRAV8-3|TRAJ23|CAVGYMIYNQGGKLIF	TRAV8-3|TRAJ23|CAVGYMIYNQGGKLIF
AAAAAAAAAAACTGAG	TRA	True	True	True	True	True	True	TRAV24|TRAJ37|CAGASSNTGKLIF	TRAV24|TRAJ37|CAGASSNTGKLIF
AAAAAAAAAAACTGAT	TRA	True	False	False	False	False	False	TRAV3|TRAJ28|CSPDYSGAGSYQLTF	
AAAAAAAAAAACTGCA	TRA	True	True	True	True	True	True	TRAV3|TRAJ18|CAVRVGRDRGSTLGRLYF	TRAV3|TRAJ18|CAVRVGRDRGSTLGRLYF
AAAAAAAAAAACTGCC	TRA	True	True	True	True	True	True	TRAV1-2|TRAJ33|EAPDSNYQLIW	TRAV1-2|TRAJ33|EAPDSNYQLIW
AAAAAAAAAAACTGCG	TRA	True	True	True	True	True	True	TRAV19|TRAJ52|CKNAGGTSYGKLTF	TRAV19|TRAJ52|CKNAGGTSYGKLTF
AAAAAAAAAAACTGCT	TRA	True	True	True	True	True	True	TRAV26-1|TRAJ44|CIVRQRDGTASKLTF	TRAV26-1|TRAJ44|CIVRQRDGTASKLTF
AAAAAAAAAAACTGGA	TRA	True	True	True	True	True	True	TRAV12-2|TRAJ33|CANPSNYQLIW	TRAV12-2|TRAJ33|CANPSNYQLIW
AAAAAAAAAAACTGGC	TRA	True	True	True	True	True	True	TRAV27|TRAJ5|CADGEDTGRRALTF	TRAV27|TRAJ5|CADGEDTGRRALTF
AAAAAAAAAAACTGGG	TRA	True	True	True	True	True	True	TRAV17|TRAJ48|CAESNFGNEKLTF	TRAV17|TRAJ48|CAESNFGNEKLTF
AAAAAAAAAAACTGGT	TRA	True	True	True	True	True	True	TRAV21|TRAJ9|CAVNPRDGGFKTIF	TRAV21|TRAJ9|CAVNPRDGGFKTIF
AAAAAAAAAAACTGTA	TRA	True	True	True	True	True	True	TRAV1-2|TRAJ24|CDRSATDSWGKFQF	TRAV1-2|TRAJ24|CDRSATDSWGKFQF
AAAAAAAAAAACTGTC	TRA	True	True	True	True	True	True	TRAV12-2|TRAJ9|CAVDGPGTGGFKTIF	TRAV12-2|TRAJ9|CAVDGPGTGGFKTIF
AAAAAAAAAAACTGTG	TRA	True	True	True	False	True	False	TRAV38-2DV8|TRAJ43|CAYRSLNNNDMRF	TRAV38-2/DV8|TRAJ43|CAYRSLNNNDMRF
AAAAAAAAAAACTGTT	TRA	True	True	True	True	True	True	TRAV22|TRAJ57|CANQMTQGGSEKLVF	TRAV22|TRAJ57|CANQMTQGGSEKLVF
AAAAAAAAAAACTTAA	TRA	True	True	True	False	True	False	TRAV14DV4|TRAJ34|CAMPGMTTDKLIF	TRAV14/DV4|TRAJ34|CAMPGMTTDKLIF
AAAAAAAAAAACTTAC	TRA	True	True	True	False	True	False	TRAV38-2DV8|TRAJ31|CAYRSGSFSNNARLMF	TRAV38-2/DV8|TRAJ31|CAYRSGSFSNNARLMF
AAAAAAAAAAACTTAG	TRA	True	True	True	True	True	True	TRAV38-1|TRAJ36|CAFAIREQTGANNLFF	TRAV38-1|TRAJ36|CAFAIREQTGANNLFF
AAAAAAAAAAACTTAT	TRA	True	True	True	True	True	True	TRAV12-2|TRAJ9|CADVVATGGFKTIF	TRAV12-2|TRAJ9|CADVVATGGFKTIF
AAAAAAAAAAAAAAAA	TRB	True	True	True	True	True	True	TRBV11-3|TRBJ1-2|CASSTSRTMSNYGYTF	TRBV11-3|TRBJ1-2|CASSTSRTMSNYGYTF
AAAAAAAAAAAAAAAC	TRB	True	True	True	True	True	True	TRBV20-1|TRBJ2-7|CSEAGYRPSYEQYF	TRBV20-1|TRBJ2-7|CSEAGYRPSYEQYF
AAAAAAAAAAAAAAAG	TRB	True	False	False	False	False	False	TRBV6-6|TRBJ1-4|CASGSRMVGGDTNEKLFF	
AAAAAAAAAAAAAAAT	TRB	True	True	True	True	True	True	TRBV4-2|TRBJ1-1|CASSAGHQAEEAFF	TRBV4-2|TRBJ1-1|CASSAGHQAEEAFF
AAAAAAAAAAAAAACA	TRB	True	True	True	True	True	True	TRBV12-3|TRBJ2-3|CLVGSSDTQYF	TRBV12-3|TRBJ2-3|CLVGSSDTQYF
AAAAAAAAAAAAAACC	TRB	True	True	True	True	True	True	TRBV10-3|TRBJ2-2|CAISGRRRNTGELFF	TRBV10-3|TRBJ2-2|CAISGRRRNTGELFF
AAAAAAAAAAAAAACG	TRB	True	True	True	True	True	True	TRBV5-5|TRBJ1-1|CASDPEHTEAFF	TRBV5-5|TRBJ1-1|CASDPEHTEAFF
AAAAAAAAAAAAAACT	TRB	True	True	True	True	True	True	TRBV3-1|TRBJ2-3|CASSRRRTVWRTDTQYF	TRBV3-1|TRBJ2-3|CASSRRRTVWRTDTQYF
AAAAAAAAAAAAAAGA	TRB	True	True	True	True	True	True	TRBV9|TRBJ1-5|CASSRRDGASSNQPQHF	TRBV9|TRBJ1-5|CASSRRDGASSNQPQHF
AAAAAAAAAAAAAAGC	TRB	True	True	True	True	True	True	TRBV6-5|TRBJ2-7|CASTSSYEQYF	TRBV6-5|TRBJ2-7|CASTSSYEQYF
AAAAAAAAAAAAAAGG	TRB	True	True	True	True	True	True	TRBV6-6|TRBJ2-1|CASSDASPYNEQFF	TRBV6-6|TRBJ2-1|CASSDASPYNEQFF
AAAAAAAAAAAAAAGT	TRB	True	True	True	True	True	True	TRBV27|TRBJ2-7|CASFLWTGSWEQYF	TRBV27|TRBJ2-7|CASFLWTGSWEQYF
AAAAAAAAAAAAAATA	TRB	True	True	True	True	True	True	TRBV6-5|TRBJ1-5|CADQTGYNQPQHF	TRBV6-5|TRBJ1-5|CADQTGYNQPQHF
AAAAAAAAAAAAAATC	TRB	True	True	True	True	True	True	TRBV6-6|TRBJ2-5|CASSTNPVAHAWTQYF	TRBV6-6|TRBJ2-5|CASSTNPVAHAWTQYF
AAAAAAAAAAAAAATG	TRB	True	True	True	True	True	True	TRBV5-6|TRBJ1-2|CASSAWWRGGLTNYGYTF	TRBV5-6|TRBJ1-2|CASSAWWRGGLTNYGYTF
AAAAAAAAAAAAAATT	TRB	True	True	True	True	True	True	TRBV5-1|TRBJ2-5|CASSRTALIETQYF	TRBV5-1|TRBJ2-5|CASSRTALIETQYF
AAAAAAAAAAAAACAA	TRB	True	True	True	True	True	True	TRBV27|TRBJ1-1|CASSFRTSGEAFF	TRBV27|TRBJ1-1|CASSFRTSGEAFF
AAAAAAAAAAAAACAC	TRB	True	True	True	True	True	True	TRBV5-5|TRBJ1-5|CASGGYSNQPQHF	TRBV5-5|TRBJ1-5|CASGGYSNQPQHF
AAAAAAAAAAAAACAG	TRB	True	True	True	True	True	True	TRBV20-1|TRBJ2-1|CSRALGRSGSYNEQFF	TRBV20-1|TRBJ2-1|CSRALGRSGSYNEQFF
AAAAAAAAAAAAACAT	TRB	True	True	True	True	True	True	TRBV19|TRBJ1-3|CASTLSGVGFSGNTIYF	TRBV19|TRBJ1-3|CASTLSGVGFSGNTIYF
AAAAAAAAAAAAACCA	TRB	True	True	True	True	True	True	TRBV4-2|TRBJ1-4|CASSVRERAFLNEKLFF	TRBV4-2|TRBJ1-4|CASSVRERAFLNEKLFF
AAAAAAAAAAAAACCC	TRB	True	True	True	True	True	True	TRBV11-1|TRBJ2-7|CATGFSYEQYF	TRBV11-1|TRBJ2-7|CATGFSYEQYF
AAAAAAAAAAAAACCG	TRB	True	True	True	True	True	True	TRBV19|TRBJ2-5|CADERGAWDQETQYF	TRBV19|TRBJ2-5|CADERGAWDQETQYF
AAAAAAAAAAAAACCT	TRB	True	True	True	True	True	True	TRBV28|TRBJ2-4|CAADTEVLAKNIQYF	TRBV28|TRBJ2-4|CAADTEVLAKNIQYF
AAAAAAAAAAAAACGA	TRB	True	True	True	True	True	True	TRBV7-2|TRBJ1-3|CASEGGGLSGNTIYF	TRBV7-2|TRBJ1-3|CASEGGGLSGNTIYF
AAAAAAAAAAAAACGC	TRB	True	True	True	True	True	True	TRBV12-5|TRBJ1-4|CASSGQGAKNEKLFF	TRBV12-5|TRBJ1-4|CASSGQGAKNEKLFF
AAAAAAAAAAAAACGG	TRB	True	True	True	True	True	True	TRBV20-1|TRBJ1-4|CSARSPRARQEEKLFF	TRBV20-1|TRBJ1-4|CSARSPRARQEEKLFF
AAAAAAAAAAAAACGT	TRB	True	False	False	False	False	False	TRBV27|TRBJ1-2|CAGQRGDGYTF	
AAAAAAAAAAAAACTA	TRB	True	True	True	True	True	True	TRBV19|TRBJ1-5|CASSVGGAFSNQPQHF	TRBV19|TRBJ1-5|CASSVGGAFSNQPQHF
AAAAAAAAAAAAACTC	TRB	True	True	True	True	True	True	TRBV7-9|TRBJ1-5|CATLGSVYSNQPQHF	TRBV7-9|TRBJ1-5|CATLGSVYSNQPQHF
AAAAAAAAAAAAACTG	TRB	True	True	True	True	True	True	TRBV6-1|TRBJ2-5|CASWLSETQYF	TRBV6-1|TRBJ2-5|CASWLSETQYF
AAAAAAAAAAAAACTT	TRB	True	True	True	True	True	True	TRBV20-1|TRBJ2-4|CLRTGGGGAKNIQYF	TRBV20-1|TRBJ2-4|CLRTGGGGAKNIQYF
AAAAAAAAAAAAAGAA	TRB	True	True	True	True	True	True	TRBV27|TRBJ2-7|CASSRGGGDSPSYEQYF	TRBV27|TRBJ2-7|CASSRGGGDSPSYEQYF
AAAAAAAAAAAAAGAC	TRB	True	True	True	True	True	True	TRBV27|TRBJ2-6|CASSGRRGIGGANVLTF	TRBV27|TRBJ2-6|CASSGRRGIGGANVLTF
AAAAAAAAAAAAAGAG	TRB	True	True	True	True	True	True	TRBV30|TRBJ2-1|CARDTAGRYNEQFF	TRBV30|TRBJ2-1|CARDTAGRYNEQFF
AAAAAAAAAAAAAGAT	TRB	True	True	True	True	True	True	TRBV4-2|TRBJ2-1|CASGSNSANEQFF	TRBV4-2|TRBJ2-1|CASGSNSANEQFF
AAAAAAAAAAAAAGCA	TRB	True	True	True	True	True	True	TRBV28|TRBJ2-3|CASRRSPTDTQYF	TRBV28|TRBJ2-3|CASRRSPTDTQYF
AAAAAAAAAAAAAGCC	TRB	True	True	True	True	True	True	TRBV6-6|TRBJ2-7|CASRRVYSYEQYF	TRBV6-6|TRBJ2-7|CASRRVYSYEQYF
AAAAAAAAAAAAAGCG	TRB	True	True	True	True	True	True	TRBV27|TRBJ2-5|CASSPGAPGQETQYF	TRBV27|TRBJ2-5|CASSPGAPGQETQYF
AAAAAAAAAAAAAGCT	TRB	True	True	True	True	True	True	TRBV4-2|TRBJ1-4|CADDGGSTNEKLFF	TRBV4-2|TRBJ1-4|CADDGGSTNEKLFF
AAAAAAAAAAAAAGGA	TRB	True	True	True	True	True	True	TRBV9|TRBJ2-3|CASSRPEGQVASDTQYF	TRBV9|TRBJ2-3|CASSRPEGQVASDTQYF
AAAAAAAAAAAAAGGC	TRB	True	True	True	True	True	True	TRBV5-1|TRBJ2-1|CASSEGTEYSYNEQFF	TRBV5-1|TRBJ2-1|CASSEGTEYSYNEQFF
AAAAAAAAAAAAAGGG	TRB	True	True	True	True	True	True	TRBV20-1|TRBJ2-4|CSADTLRGLTAKNIQYF	TRBV20-1|TRBJ2-4|CSADTLRGLTAKNIQYF
AAAAAAAAAAAAAGGT	TRB	True	True	True	True	True	True	TRBV3-1|TRBJ2-2|CNRSGDDTGELFF	TRBV3-1|TRBJ2-2|CNRSGDDTGELFF
AAAAAAAAAAAAAGTA	TRB	True	True	True	True	True	True	TRBV20-1|TRBJ1-2|CSAPAQNYGYTF	TRBV20-1|TRBJ1-2|CSAPAQNYGYTF
AAAAAAAAAAAAAGTC	TRB	True	True	True	True	True	True	TRBV10-2|TRBJ2-1|CAGQHGRYNEQFF	TRBV10-2|TRBJ2-1|CAGQHGRYNEQFF
AAAAAAAAAAAAAGTG	TRB	True	True	True	True	True	True	TRBV7-6|TRBJ2-1|CADGGAAMSYNEQFF	TRBV7-6|TRBJ2-1|CADGGAAMSYNEQFF
AAAAAAAAAAAAAGTT	TRB	True	True	True	True	True	True	TRBV15|TRBJ1-5|CATSGLEGSNQPQHF	TRBV15|TRBJ1-5|CATSGLEGSNQPQHF
AAAAAAAAAAAAATAA	TRB	True	True	True	True	True	True	TRBV28|TRBJ1-6|CASSYVGYNSPLHF	TRBV28|TRBJ1-6|CASSYVGYNSPLHF
AAAAAAAAAAAAATAC	TRB	True	False	False	False	False	False	TRBV5-1|TRBJ2-2|CASSYALSGGRTNTGELFF	
AAAAAAAAAAAAATAG	TRB	True	True	True	True	True	True	TRBV12-3|TRBJ2-3|CASDPGGDTQYF	TRBV12-3|TRBJ2-3|CASDPGGDTQYF
AAAAAAAAAAAAATAT	TRB	True	True	True	True	True	True	TRBV9|TRBJ2-2|CASSWGGQAVGELFF	TRBV9|TRBJ2-2|CASSWGGQAVGELFF
AAAAAAAAAAAAATCA	TRB	True	True	True	True	True	True	TRBV10-3|TRBJ1-5|CAINLEGFGPVASNQPQHF	TRBV10-3|TRBJ1-5|CAINLEGFGPVASNQPQHF
AAAAAAAAAAAAATCC	TRB	True	True	True	True	True	True	TRBV14|TRBJ1-1|CASSEPGESNTEAFF	TRBV14|TRBJ1-1|CASSEPGESNTEAFF
AAAAAAAAAAAAATCG	TRB	True	True	True	True	True	True	TRBV24-1|TRBJ2-7|CATSDTGVGGSPAYEQYF	TRBV24-1|TRBJ2-7|CATSDTGVGGSPAYEQYF
AAAAAAAAAAAAATCT	TRB	True	True	True	True	True	True	TRBV12-3|TRBJ1-1|CASRRRATELFNTEAFF	TRBV12-3|TRBJ1-1|CASRRRATELFNTEAFF
AAAAAAAAAAAAATGA	TRB	True	True	True	True	True	True	TRBV9|TRBJ1-6|CAERTNGGLPDSYNSPLHF	TRBV9|TRBJ1-6|CAERTNGGLPDSYNSPLHF
AAAAAAAAAAAAATGC	TRB	True	True	True	True	True	True	TRBV27|TRBJ2-7|CASPPRGGASYEQYF	TRBV27|TRBJ2-7|CASPPRGGASYEQYF
AAAAAAAAAAAAATGG	TRB	True	True	True	True	True	True	TRBV5-1|TRBJ1-3|CASPGKGGGVYSGNTIYF	TRBV5-1|TRBJ1-3|CASPGKGGGVYSGNTIYF
AAAAAAAAAAAAATGT	TRB	True	True	True	True	True	True	TRBV9|TRBJ2-2|CASSSQVNTGELFF	TRBV9|TRBJ2-2|CASSSQVNTGELFF
AAAAAAAAAAAAATTA	TRB	True	True	True	True	True	True	TRBV6-1|TRBJ1-1|CASSTIRRGEINTEAFF	TRBV6-1|TRBJ1-1|CASSTIRRGEINTEAFF
AAAAAAAAAAAAATTC	TRB	True	True	True	True	True	True	TRBV5-1|TRBJ2-5|CASTTSQGRETQYF	TRBV5-1|TRBJ2-5|CASTTSQGRETQYF
AAAAAAAAAAAAATTG	TRB	True	True	True	True	True	True	TRBV5-4|TRBJ2-5|CASLNAGQETQYF	TRBV5-4|TRBJ2-5|CASLNAGQETQYF
AAAAAAAAAAAAATTT	TRB	True	True	True	True	True	True	TRBV13|TRBJ2-3|CASSRPRTGVRTDTQYF	TRBV13|TRBJ2-3|CASSRPRTGVRTDTQYF
AAAAAAAAAAAACAAA	TRB	True	True	True	True	True	True	TRBV7-9|TRBJ1-5|CASADIGVRSNQPQHF	TRBV7-9|TRBJ1-5|CASADIGVRSNQPQHF
AAAAAAAAAAAACAAC	TRB	True	False	False	False	False	False	TRBV5-5|TRBJ2-2|CASFWDNTGELFF	
AAAAAAAAAAAACAAG	TRB	True	True	True	True	True	True	TRBV4-1|TRBJ2-3|CASSWLNGQRAGATQYF	TRBV4-1|TRBJ2-3|CASSWLNGQRAGATQYF
AAAAAAAAAAAACAAT	TRB	True	True	True	False	True	False	TRBV12-4|TRBJ2-7|CAPDRRPSYEQYF	TRBV12-3|TRBJ2-7|CAPDRRPSYEQYF
AAAAAAAAAAAACACA	TRB	True	True	True	True	True	True	TRBV4-2|TRBJ1-5|CASRQVGVRVNQPQHF	TRBV4-2|TRBJ1-5|CASRQVGVRVNQPQHF
AAAAAAAAAAAACACC	TRB	True	False	False	False	False	False	TRBV7-9|TRBJ2-5|CASSALPRLNETQYF	
AAAAAAAAAAAACACG	TRB	True	True	True	True	True	True	TRBV16|TRBJ1-5|CASSRHPRGPGSNQPQHF	TRBV16|TRBJ1-5|CASSRHPRGPGSNQPQHF
AAAAAAAAAAAACACT	TRB	True	True	True	True	True	True	TRBV19|TRBJ1-5|CASSRRSRNAWSNQPQHF	TRBV19|TRBJ1-5|CASSRRSRNAWSNQPQHF
AAAAAAAAAAAACAGA	TRB	True	True	True	True	True	True	TRBV6-1|TRBJ2-2|CASSKGPRGGGELFF	TRBV6-1|TRBJ2-2|CASSKGPRGGGELFF
AAAAAAAAAAAACAGC	TRB	True	True	True	True	True	True	TRBV6-6|TRBJ2-5|CASSRGTGQETQYF	TRBV6-6|TRBJ2-5|CASSRGTGQETQYF
AAAAAAAAAAAACAGG	TRB	True	True	True	True	True	True	TRBV27|TRBJ1-1|CASSTSGRAANTEAFF	TRBV27|TRBJ1-1|CASSTSGRAANTEAFF
AAAAAAAAAAAACAGT	TRB	True	True	True	True	True	True	TRBV7-2|TRBJ2-2|CASNAGGHNTGELFF	TRBV7-2|TRBJ2-2|CASNAGGHNTGELFF
AAAAAAAAAAAACATA	TRB	True	True	True	True	True	True	TRBV10-2|TRBJ2-3|CASFTTTGNGTDTQYF	TRBV10-2|TRBJ2-3|CASFTTTGNGTDTQYF
AAAAAAAAAAAACATC	TRB	True	True	True	True	True	True	TRBV5-1|TRBJ2-3|CASSTRDSTSYNTQYF	TRBV5-1|TRBJ2-3|CASSTRDSTSYNTQYF
AAAAAAAAAAAACATG	TRB	True	True	True	True	True	True	TRBV19|TRBJ2-3|CASNTGGLDTQYF	TRBV19|TRBJ2-3|CASNTGGLDTQYF
AAAAAAAAAAAACATT	TRB	True	True	True	True	True	True	TRBV6-1|TRBJ1-5|CASASEVLEEFNQPQHF	TRBV6-1|TRBJ1-5|CASASEVLEEFNQPQHF
AAAAAAAAAAAACCAA	TRB	True	True	True	True	True	True	TRBV5-1|TRBJ1-2|CASTAGGGYTF	TRBV5-1|TRBJ1-2|CASTAGGGYTF
AAAAAAAAAAAACCAC	TRB	True	True	True	True	True	True	TRBV11-1|TRBJ2-7|CASSQPSAARLSYEQYF	TRBV11-1|TRBJ2-7|CASSQPSAARLSYEQYF
AAAAAAAAAAAACCAG	TRB	True	True	True	False	True	False	TRBV12-4|TRBJ2-3|CASSRPTTGPAWSTDTQYF	TRBV12-3|TRBJ2-3|CASSRPTTGPAWSTDTQYF
AAAAAAAAAAAACCAT	TRB	True	True	True	True	True	True	TRBV9|TRBJ2-3|CASSTILSGHGTDTQYF	TRBV9|TRBJ2-3|CASSTILSGHGTDTQYF
AAAAAAAAAAAACCCA	TRB	True	True	True	True	True	True	TRBV11-1|TRBJ2-1|CAYLGKGSYNEQFF	TRBV11-1|TRBJ2-1|CAYLGKGSYNEQFF
AAAAAAAAAAAACCCC	TRB	True	True	True	True	True	True	TRBV5-1|TRBJ2-1|CASSVMSYNEQFF	TRBV5-1|TRBJ2-1|CASSVMSYNEQFF
AAAAAAAAAAAACCCG	TRB	True	True	True	False	True	False	TRBV12-4|TRBJ1-1|CASRFTRGSMMNTEAFF	TRBV12-3|TRBJ1-1|CASRFTRGSMMNTEAFF
AAAAAAAAAAAACCCT	TRB	True	True	True	True	True	True	TRBV11-3|TRBJ2-5|CASRGLGVTQETQYF	TRBV11-3|TRBJ2-5|CASRGLGVTQETQYF
AAAAAAAAAAAACCGA	TRB	True	True	True	True	True	True	TRBV20-1|TRBJ2-4|CSTLGVLKLNIQYF	TRBV20-1|TRBJ2-4|CSTLGVLKLNIQYF
AAAAAAAAAAAACCGC	TRB	True	True	True	True	True	True	TRBV5-4|TRBJ1-2|CASRYRQRSNYGYTF	TRBV5-4|TRBJ1-2|CASRYRQRSNYGYTF
AAAAAAAAAAAACCGG	TRB	True	True	True	True	True	True	TRBV29-1|TRBJ1-2|CSVDSRLGAGYGYTF	TRBV29-1|TRBJ1-2|CSVDSRLGAGYGYTF
AAAAAAAAAAAACCGT	TRB	True	False	False	False	False	False	TRBV3-1|TRBJ2-1|CASSGGFSYNEQFF	
AAAAAAAAAAAACCTA	TRB	True	True	True	False	True	False	TRBV12-4|TRBJ2-5|CASSGARQETQYF	TRBV12-3|TRBJ2-5|CASSGARQETQYF
AAAAAAAAAAAACCTC	TRB	True	True	True	True	True	True	TRBV27|TRBJ2-5|CASSADGRGQETQYF	TRBV27|TRBJ2-5|CASSADGRGQETQYF
AAAAAAAAAAAACCTG	TRB	True	False	False	False	False	False	TRBV12-4|TRBJ2-2|CASNKGPSDVNTGELFF	
AAAAAAAAAAAACCTT	TRB	True	True	True	True	True	True	TRBV3-1|TRBJ2-2|CASSELIGLRTGELFF	TRBV3-1|TRBJ2-2|CASSELIGLRTGELFF
AAAAAAAAAAAACGAA	TRB	True	True	True	True	True	True	TRBV7-6|TRBJ2-1|CASSISGRGYNEQFF	TRBV7-6|TRBJ2-1|CASSISGRGYNEQFF
AAAAAAAAAAAACGAC	TRB	True	True	True	True	True	True	TRBV28|TRBJ1-6|CASSPASTSPDYNSPLHF	TRBV28|TRBJ1-6|CASSPASTSPDYNSPLHF
AAAAAAAAAAAACGAG	TRB	True	True	True	True	True	True	TRBV20-1|TRBJ1-1|CSEWLTGSRTEAFF	TRBV20-1|TRBJ1-1|CSEWLTGSRTEAFF
AAAAAAAAAAAACGAT	TRB	True	False	False	False	False	False	TRBV5-4|TRBJ1-2|CASDTGKNYGYTF	
AAAAAAAAAAAACGCA	TRB	True	True	True	True	True	True	TRBV5-1|TRBJ2-2|CASPQGDSRGNTGELFF	TRBV5-1|TRBJ2-2|CASPQGDSRGNTGELFF
AAAAAAAAAAAACGCC	TRB	True	True	True	False	True	False	TRBV12-4|TRBJ2-7|CASFTQGDEQYF	TRBV12-3|TRBJ2-7|CASFTQGDEQYF
AAAAAAAAAAAACGCG	TRB	True	True	True	True	True	True	TRBV5-6|TRBJ2-7|CASSAGGYEQYF	TRBV5-6|TRBJ2-7|CASSAGGYEQYF
AAAAAAAAAAAACGCT	TRB	True	True	True	True	True	True	TRBV27|TRBJ1-4|CADKEGQTNEKLFF	TRBV27|TRBJ1-4|CADKEGQTNEKLFF
AAAAAAAAAAAACGGA	TRB	True	True	True	True	True	True	TRBV7-7|TRBJ2-1|CASSSGGARAAGSYNEQFF	TRBV7-7|TRBJ2-1|CASSSGGARAAGSYNEQFF
AAAAAAAAAAAACGGC	TRB	True	True	True	True	True	True	TRBV19|TRBJ2-2|CASATADAGGGPNTGELFF	TRBV19|TRBJ2-2|CASATADAGGGPNTGELFF
AAAAAAAAAAAACGGG	TRB	True	True	True	True	True	True	TRBV5-1|TRBJ2-1|CASSGQSDSYNEQFF	TRBV5-1|TRBJ2-1|CASSGQSDSYNEQFF
AAAAAAAAAAAACGGT	TRB	True	False	False	False	False	False	TRBV9|TRBJ2-5|CASSGPPTAGQETQYF	
AAAAAAAAAAAACGTA	TRB	True	False	False	False	False	False	TRBV5-1|TRBJ1-1|CATRGARNTEAFF	
AAAAAAAAAAAACGTC	TRB	True	True	True	True	True	True	TRBV4-2|TRBJ1-3|CASSNPNGYGDGNTIYF	TRBV4-2|TRBJ1-3|CASSNPNGYGDGNTIYF
AAAAAAAAAAAACGTG	TRB	True	False	False	False	False	False	TRBV20-1|TRBJ2-4|CSALIIGEAANIQYF	
AAAAAAAAAAAACGTT	TRB	True	True	True	True	True	True	TRBV2|TRBJ2-1|CASSIPAAHSYNEQFF	TRBV2|TRBJ2-1|CASSIPAAHSYNEQFF
AAAAAAAAAAAACTAA	TRB	True	True	True	True	True	True	TRBV4-2|TRBJ2-3|CASGALADRTDTQYF	TRBV4-2|TRBJ2-3|CASGALADRTDTQYF
AAAAAAAAAAAACTAC	TRB	True	True	True	True	True	True	TRBV20-1|TRBJ2-3|CSGGGSTDTQYF	TRBV20-1|TRBJ2-3|CSGGGSTDTQYF
AAAAAAAAAAAACTAG	TRB	True	True	True	True	True	True	TRBV5-6|TRBJ1-2|CASSGRQDNYGYTF	TRBV5-6|TRBJ1-2|CASSGRQDNYGYTF
AAAAAAAAAAAACTAT	TRB	True	True	True	True	True	True	TRBV28|TRBJ1-3|CASFGRTGSSGNTIYF	TRBV28|TRBJ1-3|CASFGRTGSSGNTIYF
AAAAAAAAAAAACTCA	TRB	True	True	True	True	True	True	TRBV7-9|TRBJ2-1|CASSLYGQPRGSYNEQFF	TRBV7-9|TRBJ2-1|CASSLYGQPRGSYNEQFF
AAAAAAAAAAAACTCC	TRB	True	True	True	True	True	True	TRBV28|TRBJ1-1|CASSMSTGGGNSEAFF	TRBV28|TRBJ1-1|CASSMSTGGGNSEAFF
AAAAAAAAAAAACTCG	TRB	True	True	True	True	True	True	TRBV24-1|TRBJ2-1|CATSDGTARTSYNEQFF	TRBV24-1|TRBJ2-1|CATSDGTARTSYNEQFF
AAAAAAAAAAAACTCT	TRB	True	True	True	True	True	True	TRBV4-1|TRBJ1-2|CASTGIYGYTF	TRBV4-1|TRBJ1-2|CASTGIYGYTF
AAAAAAAAAAAACTGA	TRB	True	True	True	True	True	True	TRBV20-1|TRBJ2-4|CRGGTRKNIQYF	TRBV20-1|TRBJ2-4|CRGGTRKNIQYF
AAAAAAAAAAAACTGC	TRB	True	True	True	True	True	True	TRBV6-2|TRBJ1-5|CASAPSNQPQHF	TRBV6-2|TRBJ1-5|CASAPSNQPQHF
AAAAAAAAAAAACTGG	TRB	True	True	True	True	True	True	TRBV24-1|TRBJ2-5|CATSIATQEETQYF	TRBV24-1|TRBJ2-5|CATSIATQEETQYF
AAAAAAAAAAAACTGT	TRB	True	True	True	True	True	True	TRBV4-2|TRBJ2-6|CASSVSKGAIHGANVLTF	TRBV4-2|TRBJ2-6|CASSVSKGAIHGANVLTF
AAAAAAAAAAAACTTA	TRB	True	True	True	True	True	True	TRBV6-6|TRBJ2-6|CASPGQGWGGANVLTF	TRBV6-6|TRBJ2-6|CASPGQGWGGANVLTF
AAAAAAAAAAAACTTC	TRB	True	True	True	True	True	True	TRBV5-5|TRBJ1-2|CASRPGARGVGNYGYTF	TRBV5-5|TRBJ1-2|CASRPGARGVGNYGYTF
AAAAAAAAAAAACTTG	TRB	True	True	True	True	True	True	TRBV4-1|TRBJ2-1|CASSDIITGGVISYNEQFF	TRBV4-1|TRBJ2-1|CASSDIITGGVISYNEQFF
AAAAAAAAAAAACTTT	TRB	True	True	True	True	True	True	TRBV5-1|TRBJ2-5|CASSAALGKETQYF	TRBV5-1|TRBJ2-5|CASSAALGKETQYF
AAAAAAAAAAAAGAAA	TRB	True	False	False	False	False	False	TRBV6-1|TRBJ2-3|CASKWDETDTQYF	
AAAAAAAAAAAAGAAC	TRB	True	True	True	True	True	True	TRBV11-1|TRBJ2-5|CASTSGLSQETQYF	TRBV11-1|TRBJ2-5|CASTSGLSQETQYF
AAAAAAAAAAAAGAAG	TRB	True	True	True	True	True	True	TRBV27|TRBJ2-3|CASSWGTDTQYF	TRBV27|TRBJ2-3|CASSWGTDTQYF
AAAAAAAAAAAAGAAT	TRB	True	True	True	True	True	True	TRBV11-1|TRBJ1-5|CASSDRRASNQPQHF	TRBV11-1|TRBJ1-5|CASSDRRASNQPQHF
AAAAAAAAAAAAGACA	TRB	True	True	True	True	True	True	TRBV30|TRBJ2-3|CAWPYGGDNTDTQYF	TRBV30|TRBJ2-3|CAWPYGGDNTDTQYF
AAAAAAAAAAAAGACC	TRB	True	True	True	True	True	True	TRBV9|TRBJ2-1|CASGSQGSFGSYNEQFF	TRBV9|TRBJ2-1|CASGSQGSFGSYNEQFF
AAAAAAAAAAAAGACG	TRB	True	True	True	True	True	True	TRBV25-1|TRBJ1-2|CASEIHRASNYGYTF	TRBV25-1|TRBJ1-2|CASEIHRASNYGYTF
AAAAAAAAAAAAGACT	TRB	True	False	False	False	False	False	TRBV20-1|TRBJ1-2|CSASRRGGSGNYGYTF	
AAAAAAAAAAAAGAGA	TRB	True	True	True	True	True	True	TRBV19|TRBJ1-5|CASGTRGASNQPQHF	TRBV19|TRBJ1-5|CASGTRGASNQPQHF
AAAAAAAAAAAAGAGC	TRB	True	True	True	True	True	True	TRBV5-6|TRBJ1-2|CASSGRTGRYGYTF	TRBV5-6|TRBJ1-2|CASSGRTGRYGYTF
AAAAAAAAAAAAGAGG	TRB	True	False	False	False	False	False	TRBV10-2|TRBJ1-1|CASTRGRNTEAFF	
AAAAAAAAAAAAGAGT	TRB	True	True	True	True	True	True	TRBV7-2|TRBJ2-1|CASGLHRGDSYNEQFF	TRBV7-2|TRBJ2-1|CASGLHRGDSYNEQFF
AAAAAAAAAAAAGATA	TRB	True	True	True	True	True	True	TRBV3-1|TRBJ1-1|CASRGTGATEAFF	TRBV3-1|TRBJ1-1|CASRGTGATEAFF
AAAAAAAAAAAAGATC	TRB	True	True	True	True	True	True	TRBV20-1|TRBJ2-7|CSYDAGTYEQYF	TRBV20-1|TRBJ2-7|CSYDAGTYEQYF
AAAAAAAAAAAAGATG	TRB	True	True	True	True	True	True	TRBV25-1|TRBJ1-4|CASSYSRLEAEKLFF	TRBV25-1|TRBJ1-4|CASSYSRLEAEKLFF
AAAAAAAAAAAAGATT	TRB	True	True	True	False	True	False	TRBV12-4|TRBJ2-5|CASSSLGETQYF	TRBV12-3|TRBJ2-5|CASSSLGETQYF
AAAAAAAAAAAAGCAA	TRB	True	True	True	True	True	True	TRBV20-1|TRBJ2-4|CSPGGGKNIQYF	TRBV20-1|TRBJ2-4|CSPGGGKNIQYF
AAAAAAAAAAAAGCAC	TRB	True	True	True	True	True	True	TRBV11-3|TRBJ2-5|CAESARDQETQYF	TRBV11-3|TRBJ2-5|CAESARDQETQYF
AAAAAAAAAAAAGCAG	TRB	True	True	True	True	True	True	TRBV27|TRBJ1-5|CASSGGGGQPQHF	TRBV27|TRBJ1-5|CASSGGGGQPQHF
AAAAAAAAAAAAGCAT	TRB	True	False	False	False	False	False	TRBV6-5|TRBJ1-5|CASSDTVWVSNQPQHF	
AAAAAAAAAAAAGCCA	TRB	True	True	True	True	True	True	TRBV6-6|TRBJ1-5|CASSSEVSNQPQHF	TRBV6-6|TRBJ1-5|CASSSEVSNQPQHF
AAAAAAAAAAAAGCCC	TRB	True	True	True	True	True	True	TRBV5-1|TRBJ1-2|CASGDQANYGYTF	TRBV5-1|TRBJ1-2|CASGDQANYGYTF
AAAAAAAAAAAAGCCG	TRB	True	True	True	True	True	True	TRBV7-2|TRBJ2-1|CASSTESLNEQFF	TRBV7-2|TRBJ2-1|CASSTESLNEQFF
AAAAAAAAAAAAGCCT	TRB	True	True	True	True	True	True	TRBV3-1|TRBJ2-4|CASSADGLANAKNIQYF	TRBV3-1|TRBJ2-4|CASSADGLANAKNIQYF
AAAAAAAAAAAAGCGA	TRB	True	False	False	False	False	False	TRBV29-1|TRBJ1-2|CSVLGNYGYTF	
AAAAAAAAAAAAGCGC	TRB	True	True	True	True	True	True	TRBV7-6|TRBJ2-2|CASFWRAGTGELFF	TRBV7-6|TRBJ2-2|CASFWRAGTGELFF
AAAAAAAAAAAAGCGG	TRB	True	True	True	True	True	True	TRBV4-2|TRBJ2-3|CASSPGGASANDTQYF	TRBV4-2|TRBJ2-3|CASSPGGASANDTQYF
AAAAAAAAAAAAGCGT	TRB	True	True	True	True	True	True	TRBV19|TRBJ2-2|CASSGDSPGELFF	TRBV19|TRBJ2-2|CASSGDSPGELFF
AAAAAAAAAAAAGCTA	TRB	True	True	True	True	True	True	TRBV20-1|TRBJ2-3|CSASAGTDTQYF	TRBV20-1|TRBJ2-3|CSASAGTDTQYF
AAAAAAAAAAAAGCTC	TRB	True	True	True	True	True	True	TRBV27|TRBJ1-6|CASSTDGASGNSPLHF	TRBV27|TRBJ1-6|CASSTDGASGNSPLHF
AAAAAAAAAAAAGCTG	TRB	True	True	True	True	True	True	TRBV30|TRBJ1-1|CANAPNTEAFF	TRBV30|TRBJ1-1|CANAPNTEAFF
AAAAAAAAAAAAGCTT	TRB	True	True	True	True	True	True	TRBV29-1|TRBJ1-1|CSVGGNGQDFF	TRBV29-1|TRBJ1-1|CSVGGNGQDFF
AAAAAAAAAAAAGGAA	TRB	True	True	True	True	True	True	TRBV20-1|TRBJ1-1|CSAEGGSNTEAFF	TRBV20-1|TRBJ1-1|CSAEGGSNTEAFF
AAAAAAAAAAAAGGAC	TRB	True	True	True	True	True	True	TRBV29-1|TRBJ1-3|CSPGTAIGNTIYF	TRBV29-1|TRBJ1-3|CSPGTAIGNTIYF
AAAAAAAAAAAAGGAG	TRB	True	True	True	True	True	True	TRBV10-2|TRBJ1-1|CASSRQQGYGNTEAFF	TRBV10-2|TRBJ1-1|CASSRQQGYGNTEAFF
AAAAAAAAAAAAGGAT	TRB	True	True	True	True	True	True	TRBV28|TRBJ1-3|CASSWKGEGGNTIYF	TRBV28|TRBJ1-3|CASSWKGEGGNTIYF
AAAAAAAAAAAAGGCA	TRB	True	False	False	False	False	False	TRBV20-1|TRBJ1-2|CSAGRGGNYGYTF	
AAAAAAAAAAAAGGCC	TRB	True	False	False	False	False	False	TRBV24-1|TRBJ2-3|CATSRGLTGTDTQYF	
AAAAAAAAAAAAGGCG	TRB	True	True	True	True	True	True	TRBV7-9|TRBJ2-7|CAFPGLSYEQYF	TRBV7-9|TRBJ2-7|CAFPGLSYEQYF
AAAAAAAAAAAAGGCT	TRB	True	True	True	True	True	True	TRBV28|TRBJ2-7|CASGTTTGPSDSYEQYF	TRBV28|TRBJ2-7|CASGTTTGPSDSYEQYF
AAAAAAAAAAAAGGGA	TRB	True	True	True	True	True	True	TRBV4-1|TRBJ2-7|CASSTGEYYEQYF	TRBV4-1|TRBJ2-7|CASSTGEYYEQYF
AAAAAAAAAAAAGGGC	TRB	True	True	True	True	True	True	TRBV6-1|TRBJ2-5|CASRDGAGGETQYF	TRBV6-1|TRBJ2-5|CASRDGAGGETQYF
AAAAAAAAAAAAGGGG	TRB	True	True	True	True	True	True	TRBV2|TRBJ1-1|CASVDPNTEAFF	TRBV2|TRBJ1-1|CASVDPNTEAFF
AAAAAAAAAAAAGGGT	TRB	True	True	True	True	True	True	TRBV9|TRBJ2-1|CASAVQSYNEQFF	TRBV9|TRBJ2-1|CASAVQSYNEQFF
AAAAAAAAAAAAGGTA	TRB	True	True	True	False	True	False	TRBV12-4|TRBJ1-3|CASGQGYSNTIYF	TRBV12-3|TRBJ1-3|CASGQGYSNTIYF
AAAAAAAAAAAAGGTC	TRB	True	True	True	True	True	True	TRBV24-1|TRBJ2-2|CATDGGTGSTTGELFF	TRBV24-1|TRBJ2-2|CATDGGTGSTTGELFF
AAAAAAAAAAAAGGTG	TRB	True	True	True	True	True	True	TRBV25-1|TRBJ2-2|CASSAAGANTGELFF	TRBV25-1|TRBJ2-2|CASSAAGANTGELFF
AAAAAAAAAAAAGGTT	TRB	True	True	True	True	True	True	TRBV6-2|TRBJ2-2|CASSNPNGGENTGELFF	TRBV6-2|TRBJ2-2|CASSNPNGGENTGELFF
AAAAAAAAAAAAGTAA	TRB	True	False	False	False	False	False	TRBV3-1|TRBJ2-2|CASTGWGSGRSNTGELFF	
AAAAAAAAAAAAGTAC	TRB	True	True	True	True	True	True	TRBV14|TRBJ2-3|CASRQTGTKGDTQYF	TRBV14|TRBJ2-3|CASRQTGTKGDTQYF
AAAAAAAAAAAAGTAG	TRB	True	True	True	True	True	True	TRBV10-2|TRBJ1-1|CASSKLGGPGNTEAFF	TRBV10-2|TRBJ1-1|CASSKLGGPGNTEAFF
AAAAAAAAAAAAGTAT	TRB	True	True	True	True	True	True	TRBV30|TRBJ2-3|CAETQGAVETDTQYF	TRBV30|TRBJ2-3|CAETQGAVETDTQYF
AAAAAAAAAAAAGTCA	TRB	True	True	True	True	True	True	TRBV6-5|TRBJ2-3|CASSRSGPSDTQYF	TRBV6-5|TRBJ2-3|CASSRSGPSDTQYF
AAAAAAAAAAAAGTCC	TRB	True	True	True	True	True	True	TRBV9|TRBJ1-1|CASSSGGGTNTEAFF	TRBV9|TRBJ1-1|CASSSGGGTNTEAFF
AAAAAAAAAAAAGTCG	TRB	True	True	True	True	True	True	TRBV6-1|TRBJ2-1|CASSRNAQSYNEQFF	TRBV6-1|TRBJ2-1|CASSRNAQSYNEQFF
AAAAAAAAAAAAGTCT	TRB	True	True	True	True	True	True	TRBV5-1|TRBJ1-5|CALGQGTEQPQHF	TRBV5-1|TRBJ1-5|CALGQGTEQPQHF
AAAAAAAAAAAAGTGA	TRB	True	True	True	True	True	True	TRBV7-9|TRBJ1-6|CASSGPGSYNSPLHF	TRBV7-9|TRBJ1-6|CASSGPGSYNSPLHF
AAAAAAAAAAAAGTGC	TRB	True	True	True	True	True	True	TRBV7-4|TRBJ2-1|CASSALLRGITSYNEQFF	TRBV7-4|TRBJ2-1|CASSALLRGITSYNEQFF
AAAAAAAAAAAAGTGG	TRB	True	True	True	True	True	True	TRBV25-1|TRBJ1-6|CASSTGTASYNSPLHF	TRBV25-1|TRBJ1-6|CASSTGTASYNSPLHF
AAAAAAAAAAAAGTGT	TRB	True	True	True	True	True	True	TRBV2|TRBJ2-7|CASSTSVGGTTSYEQYF	TRBV2|TRBJ2-7|CASSTSVGGTTSYEQYF
AAAAAAAAAAAAGTTA	TRB	True	True	True	True	True	True	TRBV20-1|TRBJ1-5|CSPSLGGNQPQHF	TRBV20-1|TRBJ1-5|CSPSLGGNQPQHF
AAAAAAAAAAAAGTTC	TRB	True	False	False	False	False	False	TRBV7-2|TRBJ2-7|CASSKTGTRESYEQYF	
AAAAAAAAAAAAGTTG	TRB	True	False	False	False	False	False	TRBV19|TRBJ1-1|CASSAGQQTENTEAFF	
AAAAAAAAAAAAGTTT	TRB	True	True	True	True	True	True	TRBV10-3|TRBJ2-7|CAISFPEREQYF	TRBV10-3|TRBJ2-7|CAISFPEREQYF
AAAAAAAAAAAATAAA	TRB	True	True	True	True	True	True	TRBV11-1|TRBJ2-3|CASFQSLVLTDTQYF	TRBV11-1|TRBJ2-3|CASFQSLVLTDTQYF
AAAAAAAAAAAATAAC	TRB	True	True	True	False	True	False	TRBV12-4|TRBJ1-2|CASSTMAGGPNYGYTF	TRBV12-3|TRBJ1-2|CASSTMAGGPNYGYTF
AAAAAAAAAAAATAAG	TRB	True	True	True	True	True	True	TRBV2|TRBJ2-5|CASNTRSLAGQETQYF	TRBV2|TRBJ2-5|CASNTRSLAGQETQYF
AAAAAAAAAAAATAAT	TRB	True	True	True	False	True	False	TRBV12-4|TRBJ1-3|CASFARLSGNTIYF	TRBV12-3|TRBJ1-3|CASFARLSGNTIYF
AAAAAAAAAAAATACA	TRB	True	False	False	False	False	False	TRBV15|TRBJ2-3|CARLGLATDTQYF	
AAAAAAAAAAAATACC	TRB	True	True	True	True	True	True	TRBV20-1|TRBJ1-2|CSARGGAGYTF	TRBV20-1|TRBJ1-2|CSARGGAGYTF
AAAAAAAAAAAATACG	TRB	True	True	True	True	True	True	TRBV5-1|TRBJ1-3|CASFGYGRGNTIYF	TRBV5-1|TRBJ1-3|CASFGYGRGNTIYF
AAAAAAAAAAAATACT	TRB	True	True	True	True	True	True	TRBV6-1|TRBJ2-7|CASPGTVAYEQYF	TRBV6-1|TRBJ2-7|CASPGTVAYEQYF
AAAAAAAAAAAATAGA	TRB	True	True	True	True	True	True	TRBV24-1|TRBJ2-5|CAKGLAQGEGGQETQYF	TRBV24-1|TRBJ2-5|CAKGLAQGEGGQETQYF
AAAAAAAAAAAATAGC	TRB	True	True	True	True	True	True	TRBV11-1|TRBJ2-1|CASTYPSGNDRSYNEQFF	TRBV11-1|TRBJ2-1|CASTYPSGNDRSYNEQFF
AAAAAAAAAAAATAGG	TRB	True	True	True	False	True	False	TRBV6-5|TRBJ1-5|CASRTVGGGGSNQPQHF	TRBV6-1|TRBJ1-5|CASRTVGGGGSNQPQHF
AAAAAAAAAAAATAGT	TRB	True	True	True	True	True	True	TRBV3-1|TRBJ2-5|CAAGGDQETQYF	TRBV3-1|TRBJ2-5|CAAGGDQETQYF
AAAAAAAAAAAATATA	TRB	True	True	True	True	True	True	TRBV15|TRBJ1-2|CATSGQTGSYGYTF	TRBV15|TRBJ1-2|CATSGQTGSYGYTF
AAAAAAAAAAAATATC	TRB	True	True	True	True	True	True	TRBV11-1|TRBJ1-4|CASSLGGGPNEKLFF	TRBV11-1|TRBJ1-4|CASSLGGGPNEKLFF
AAAAAAAAAAAATATG	TRB	True	True	True	True	True	True	TRBV19|TRBJ2-1|CASSDGLNGTSYNEQFF	TRBV19|TRBJ2-1|CASSDGLNGTSYNEQFF
AAAAAAAAAAAATATT	TRB	True	True	True	True	True	True	TRBV28|TRBJ2-7|CASSTGFAAYEQYF	TRBV28|TRBJ2-7|CASSTGFAAYEQYF
AAAAAAAAAAAATCAA	TRB	True	True	True	True	True	True	TRBV24-1|TRBJ2-1|CATSLAGSAYSYNEQFF	TRBV24-1|TRBJ2-1|CATSLAGSAYSYNEQFF
AAAAAAAAAAAATCAC	TRB	True	True	True	True	True	True	TRBV7-9|TRBJ2-4|CASSTGSWGAKNIQYF	TRBV7-9|TRBJ2-4|CASSTGSWGAKNIQYF
AAAAAAAAAAAATCAG	TRB	True	True	True	True	True	True	TRBV20-1|TRBJ1-5|CSAGQGGDNQPQHF	TRBV20-1|TRBJ1-5|CSAGQGGDNQPQHF
AAAAAAAAAAAATCAT	TRB	True	True	True	True	True	True	TRBV10-3|TRBJ1-5|CAIRDGTQPQHF	TRBV10-3|TRBJ1-5|CAIRDGTQPQHF
AAAAAAAAAAAATCCA	TRB	True	True	True	True	True	True	TRBV2|TRBJ1-2|CASGGRQGSNYGYTF	TRBV2|TRBJ1-2|CASGGRQGSNYGYTF
AAAAAAAAAAAATCCC	TRB	True	True	True	True	True	True	TRBV19|TRBJ1-2|CAEAGTNYGYTF	TRBV19|TRBJ1-2|CAEAGTNYGYTF
AAAAAAAAAAAATCCG	TRB	True	True	True	True	True	True	TRBV30|TRBJ2-2|CAIRNTGELFF	TRBV30|TRBJ2-2|CAIRNTGELFF
AAAAAAAAAAAATCCT	TRB	True	True	True	False	True	False	TRBV12-4|TRBJ1-1|CASGQGSRNTEAFF	TRBV12-3|TRBJ1-1|CASGQGSRNTEAFF
AAAAAAAAAAAATCGA	TRB	True	True	True	True	True	True	TRBV5-5|TRBJ2-1|CRGLSSGYNEQFF	TRBV5-5|TRBJ2-1|CRGLSSGYNEQFF
AAAAAAAAAAAATCGC	TRB	True	True	True	True	True	True	TRBV6-5|TRBJ2-3|CASPVGVRTDTQYF	TRBV6-5|TRBJ2-3|CASPVGVRTDTQYF
AAAAAAAAAAAATCGG	TRB	True	True	True	True	True	True	TRBV7-9|TRBJ2-7|CASAAKPGNASYEQYF	TRBV7-9|TRBJ2-7|CASAAKPGNASYEQYF
AAAAAAAAAAAATCGT	TRB	True	True	True	True	True	True	TRBV12-3|TRBJ2-1|CASSDTQEYNEQFF	TRBV12-3|TRBJ2-1|CASSDTQEYNEQFF
AAAAAAAAAAAATCTA	TRB	True	True	True	True	True	True	TRBV15|TRBJ1-5|CASRGGGHSNQPQHF	TRBV15|TRBJ1-5|CASRGGGHSNQPQHF
AAAAAAAAAAAATCTC	TRB	True	True	True	True	True	True	TRBV6-1|TRBJ1-1|CASDPWGRVNTEAFF	TRBV6-1|TRBJ1-1|CASDPWGRVNTEAFF
AAAAAAAAAAAATCTG	TRB	True	True	True	True	True	True	TRBV19|TRBJ2-1|CASSPDPGGASYNEQFF	TRBV19|TRBJ2-1|CASSPDPGGASYNEQFF
AAAAAAAAAAAATCTT	TRB	True	True	True	True	True	True	TRBV5-6|TRBJ1-2|CASQGAAGSNYGYTF	TRBV5-6|TRBJ1-2|CASQGAAGSNYGYTF
AAAAAAAAAAAATGAA	TRB	True	True	True	True	True	True	TRBV29-1|TRBJ2-3|CESSKYTDTQYF	TRBV29-1|TRBJ2-3|CESSKYTDTQYF
AAAAAAAAAAAATGAC	TRB	True	True	True	True	True	True	TRBV20-1|TRBJ1-4|CSAFHLTGRITNEKLFF	TRBV20-1|TRBJ1-4|CSAFHLTGRITNEKLFF
AAAAAAAAAAAATGAG	TRB	True	True	True	True	True	True	TRBV5-4|TRBJ1-1|CASSPERATEAFF	TRBV5-4|TRBJ1-1|CASSPERATEAFF
AAAAAAAAAAAATGAT	TRB	True	True	True	True	True	True	TRBV2|TRBJ2-3|CASVTGGGDTQYF	TRBV2|TRBJ2-3|CASVTGGGDTQYF
AAAAAAAAAAAATGCA	TRB	True	True	True	True	True	True	TRBV20-1|TRBJ1-5|CLQGSASNQPQHF	TRBV20-1|TRBJ1-5|CLQGSASNQPQHF
AAAAAAAAAAAATGCC	TRB	True	True	True	True	True	True	TRBV28|TRBJ2-5|CAFDGAAVRSQETQYF	TRBV28|TRBJ2-5|CAFDGAAVRSQETQYF
AAAAAAAAAAAATGCG	TRB	True	True	True	True	True	True	TRBV19|TRBJ2-1|CASASDASYNEQFF	TRBV19|TRBJ2-1|CASASDASYNEQFF
AAAAAAAAAAAATGCT	TRB	True	True	True	True	True	True	TRBV20-1|TRBJ2-3|CSTAGASTDTQYF	TRBV20-1|TRBJ2-3|CSTAGASTDTQYF
AAAAAAAAAAAATGGA	TRB	True	True	True	True	True	True	TRBV5-5|TRBJ1-2|CASRRSGGLRYGYTF	TRBV5-5|TRBJ1-2|CASRRSGGLRYGYTF
AAAAAAAAAAAATGGC	TRB	True	True	True	True	True	True	TRBV28|TRBJ1-2|CASAQVSNYGYTF	TRBV28|TRBJ1-2|CASAQVSNYGYTF
AAAAAAAAAAAATGGG	TRB	True	True	True	True	True	True	TRBV19|TRBJ1-5|CASRGGGGLQSNQPQHF	TRBV19|TRBJ1-5|CASRGGGGLQSNQPQHF
AAAAAAAAAAAATGGT	TRB	True	True	True	True	True	True	TRBV18|TRBJ1-2|CASGSSMYGYTF	TRBV18|TRBJ1-2|CASGSSMYGYTF
AAAAAAAAAAAATGTA	TRB	True	True	True	True	True	True	TRBV19|TRBJ1-2|CASSSRGGYGYTF	TRBV19|TRBJ1-2|CASSSRGGYGYTF
AAAAAAAAAAAATGTC	TRB	True	True	True	True	True	True	TRBV14|TRBJ2-7|CAAGTPGGSYEQYF	TRBV14|TRBJ2-7|CAAGTPGGSYEQYF
AAAAAAAAAAAATGTG	TRB	True	True	True	True	True	True	TRBV11-1|TRBJ1-1|CASSQENTEAFF	TRBV11-1|TRBJ1-1|CASSQENTEAFF
AAAAAAAAAAAATGTT	TRB	True	True	True	True	True	True	TRBV20-1|TRBJ2-4|CSARDTAYKNIQYF	TRBV20-1|TRBJ2-4|CSARDTAYKNIQYF
AAAAAAAAAAAATTAA	TRB	True	True	True	True	True	True	TRBV7-4|TRBJ2-5|CASSRGGGETQYF	TRBV7-4|TRBJ2-5|CASSRGGGETQYF
AAAAAAAAAAAATTAC	TRB	True	True	True	True	True	True	TRBV27|TRBJ1-1|CASGQGGGTEAFF	TRBV27|TRBJ1-1|CASGQGGGTEAFF
AAAAAAAAAAAATTAG	TRB	True	True	True	True	True	True	TRBV11-3|TRBJ2-3|CASFSFAPDTQYF	TRBV11-3|TRBJ2-3|CASFSFAPDTQYF
AAAAAAAAAAAATTAT	TRB	True	True	True	True	True	True	TRBV9|TRBJ2-2|CAAQEGGPHRATGELFF	TRBV9|TRBJ2-2|CAAQEGGPHRATGELFF
AAAAAAAAAAAATTCA	TRB	True	True	True	True	True	True	TRBV30|TRBJ1-2|CANWSAVWYGYTF	TRBV30|TRBJ1-2|CANWSAVWYGYTF
AAAAAAAAAAAATTCC	TRB	True	True	True	True	True	True	TRBV4-2|TRBJ1-1|CASSPLRGWNTEAFF	TRBV4-2|TRBJ1-1|CASSPLRGWNTEAFF
AAAAAAAAAAAATTCG	TRB	True	True	True	True	True	True	TRBV20-1|TRBJ2-5|CSRARAGAFQETQYF	TRBV20-1|TRBJ2-5|CSRARAGAFQETQYF
AAAAAAAAAAAATTCT	TRB	True	True	True	True	True	True	TRBV7-2|TRBJ2-7|CASSGQGSSYEQYF	TRBV7-2|TRBJ2-7|CASSGQGSSYEQYF
AAAAAAAAAAAATTGA	TRB	True	True	True	True	True	True	TRBV28|TRBJ1-1|CASHLGSGAYEAFF	TRBV28|TRBJ1-1|CASHLGSGAYEAFF
AAAAAAAAAAAATTGC	TRB	True	True	True	True	True	True	TRBV15|TRBJ2-3|CAEAGSRGGESTDTQYF	TRBV15|TRBJ2-3|CAEAGSRGGESTDTQYF
AAAAAAAAAAAATTGG	TRB	True	True	True	True	True	True	TRBV2|TRBJ1-2|CASSTPGRSNRYGYTF	TRBV2|TRBJ1-2|CASSTPGRSNRYGYTF
AAAAAAAAAAAATTGT	TRB	True	True	True	True	True	True	TRBV7-9|TRBJ1-6|CADGTLSYNSPLHF	TRBV7-9|TRBJ1-6|CADGTLSYNSPLHF
AAAAAAAAAAAATTTA	TRB	True	True	True	True	True	True	TRBV6-5|TRBJ1-1|CASSGGTSAINTEAFF	TRBV6-5|TRBJ1-1|CASSGGTSAINTEAFF
AAAAAAAAAAAATTTC	TRB	True	True	True	True	True	True	TRBV6-5|TRBJ1-1|CASPWRRGLNTEAFF	TRBV6-5|TRBJ1-1|CASPWRRGLNTEAFF
AAAAAAAAAAAATTTG	TRB	True	True	True	True	True	True	TRBV7-6|TRBJ2-7|CANRGAGESYEQYF	TRBV7-6|TRBJ2-7|CANRGAGESYEQYF
AAAAAAAAAAAATTTT	TRB	True	True	True	True	True	True	TRBV3-1|TRBJ1-2|CASFGGAGQANYGYTF	TRBV3-1|TRBJ1-2|CASFGGAGQANYGYTF
AAAAAAAAAAACAAAA	TRB	True	False	False	False	False	False	TRBV7-4|TRBJ1-3|CAEGPQRRDSGNTIYF	
AAAAAAAAAAACAAAC	TRB	True	True	True	True	True	True	TRBV19|TRBJ1-1|CASPTRAGNTEAFF	TRBV19|TRBJ1-1|CASPTRAGNTEAFF
AAAAAAAAAAACAAAG	TRB	True	True	True	True	True	True	TRBV18|TRBJ2-7|CASSSEPLASISYEQYF	TRBV18|TRBJ2-7|CASSSEPLASISYEQYF
AAAAAAAAAAACAAAT	TRB	True	True	True	True	True	True	TRBV7-2|TRBJ2-2|CASSRIAPGELFF	TRBV7-2|TRBJ2-2|CASSRIAPGELFF
AAAAAAAAAAACAACA	TRB	True	True	True	True	True	True	TRBV6-2|TRBJ2-2|CASGSASDLFF	TRBV6-2|TRBJ2-2|CASGSASDLFF
AAAAAAAAAAACAACC	TRB	True	True	True	True	True	True	TRBV6-6|TRBJ2-3|CASSPGSRSLLTDTQYF	TRBV6-6|TRBJ2-3|CASSPGSRSLLTDTQYF
AAAAAAAAAAACAACG	TRB	True	True	True	True	True	True	TRBV11-3|TRBJ2-3|CASSKVGRGLWTYTDTQYF	TRBV11-3|TRBJ2-3|CASSKVGRGLWTYTDTQYF
AAAAAAAAAAACAACT	TRB	True	True	True	True	True	True	TRBV5-1|TRBJ1-2|CASGGWNYGYTF	TRBV5-1|TRBJ1-2|CASGGWNYGYTF
AAAAAAAAAAACAAGA	TRB	True	True	True	True	True	True	TRBV28|TRBJ1-6|CASHPPGIAYNSPLHF	TRBV28|TRBJ1-6|CASHPPGIAYNSPLHF
AAAAAAAAAAACAAGC	TRB	True	True	True	True	True	True	TRBV4-1|TRBJ1-2|CASSDGRGYTF	TRBV4-1|TRBJ1-2|CASSDGRGYTF
AAAAAAAAAAACAAGG	TRB	True	True	True	True	True	True	TRBV24-1|TRBJ2-5|CATSHLGVVGETQYF	TRBV24-1|TRBJ2-5|CATSHLGVVGETQYF
AAAAAAAAAAACAAGT	TRB	True	True	True	True	True	True	TRBV29-1|TRBJ1-2|CGLQQSNNYGYTF	TRBV29-1|TRBJ1-2|CGLQQSNNYGYTF
AAAAAAAAAAACAATA	TRB	True	True	True	True	True	True	TRBV5-5|TRBJ1-2|CASTSFYTSGQYGYTF	TRBV5-5|TRBJ1-2|CASTSFYTSGQYGYTF
AAAAAAAAAAACAATC	TRB	True	True	True	True	True	True	TRBV6-1|TRBJ2-4|CASSITLGAAKNIQYF	TRBV6-1|TRBJ2-4|CASSITLGAAKNIQYF
AAAAAAAAAAACAATG	TRB	True	True	True	True	True	True	TRBV20-1|TRBJ2-1|CSAPRGARNEQFF	TRBV20-1|TRBJ2-1|CSAPRGARNEQFF
AAAAAAAAAAACAATT	TRB	True	True	True	True	True	True	TRBV9|TRBJ2-1|CASFIGWGGQLSYNEQFF	TRBV9|TRBJ2-1|CASFIGWGGQLSYNEQFF
AAAAAAAAAAACACAA	TRB	True	True	True	True	True	True	TRBV9|TRBJ2-2|CASSAGTMNTGELFF	TRBV9|TRBJ2-2|CASSAGTMNTGELFF
AAAAAAAAAAACACAC	TRB	True	True	True	True	True	True	TRBV30|TRBJ2-5|CASDSSGPAITQYF	TRBV30|TRBJ2-5|CASDSSGPAITQYF
AAAAAAAAAAACACAG	TRB	True	True	True	True	True	True	TRBV6-2|TRBJ2-5|CASSGRTTDTQYF	TRBV6-2|TRBJ2-5|CASSGRTTDTQYF
AAAAAAAAAAACACAT	TRB	True	True	True	True	True	True	TRBV5-1|TRBJ2-2|CALSGTKTGELFF	TRBV5-1|TRBJ2-2|CALSGTKTGELFF
AAAAAAAAAAACACCA	TRB	True	True	True	True	True	True	TRBV7-2|TRBJ2-7|CASSSSGTTEQYF	TRBV7-2|TRBJ2-7|CASSSSGTTEQYF
AAAAAAAAAAACACCC	TRB	True	True	True	True	True	True	TRBV15|TRBJ2-2|CATSTTQRVTGELFF	TRBV15|TRBJ2-2|CATSTTQRVTGELFF
AAAAAAAAAAACACCG	TRB	True	True	True	True	True	True	TRBV3-1|TRBJ2-5|CAPTGRGQETQYF	TRBV3-1|TRBJ2-5|CAPTGRGQETQYF
AAAAAAAAAAACACCT	TRB	True	True	True	True	True	True	TRBV5-6|TRBJ1-1|CAGRARAANTEAFF	TRBV5-6|TRBJ1-1|CAGRARAANTEAFF
AAAAAAAAAAACACGA	TRB	True	True	True	True	True	True	TRBV28|TRBJ2-2|CASSGVLRGRGTGELFF	TRBV28|TRBJ2-2|CASSGVLRGRGTGELFF
AAAAAAAAAAACACGC	TRB	True	False	False	False	False	False	TRBV7-6|TRBJ1-3|CADPAGGGDSGNTIYF	
AAAAAAAAAAACACGG	TRB	True	True	True	True	True	True	TRBV3-1|TRBJ2-5|CASSGTTGTVQETQYF	TRBV3-1|TRBJ2-5|CASSGTTGTVQETQYF
AAAAAAAAAAACACGT	TRB	True	True	True	False	True	False	TRBV6-5|TRBJ1-6|CASSDQGHGSYNSPLHF	TRBV6-1|TRBJ1-6|CASSDQGHGSYNSPLHF
AAAAAAAAAAACACTA	TRB	True	False	False	False	False	False	TRBV20-1|TRBJ1-6|CSAARHSSYNSPLHF	
AAAAAAAAAAACACTC	TRB	True	True	True	True	True	True	TRBV29-1|TRBJ2-7|CSVEDRAQAEQYF	TRBV29-1|TRBJ2-7|CSVEDRAQAEQYF
AAAAAAAAAAACACTG	TRB	True	True	True	True	True	True	TRBV10-3|TRBJ2-3|CAISFERRGTDTQYF	TRBV10-3|TRBJ2-3|CAISFERRGTDTQYF
AAAAAAAAAAACACTT	TRB	True	True	True	True	True	True	TRBV2|TRBJ2-5|CASSATGGDSIQETQYF	TRBV2|TRBJ2-5|CASSATGGDSIQETQYF
AAAAAAAAAAACAGAA	TRB	True	True	True	True	True	True	TRBV28|TRBJ2-7|CASRGLYEQYF	TRBV28|TRBJ2-7|CASRGLYEQYF
AAAAAAAAAAACAGAC	TRB	True	True	True	True	True	True	TRBV6-6|TRBJ2-3|CASSSLNGKTQYF	TRBV6-6|TRBJ2-3|CASSSLNGKTQYF
AAAAAAAAAAACAGAG	TRB	True	True	True	True	True	True	TRBV20-1|TRBJ1-2|CTRGSEGPYGYTF	TRBV20-1|TRBJ1-2|CTRGSEGPYGYTF
AAAAAAAAAAACAGAT	TRB	True	True	True	True	True	True	TRBV29-1|TRBJ1-1|CSWPSGRGGNTEAFF	TRBV29-1|TRBJ1-1|CSWPSGRGGNTEAFF
AAAAAAAAAAACAGCA	TRB	True	True	True	True	True	True	TRBV20-1|TRBJ2-7|CSSLGGGTDSYEQYF	TRBV20-1|TRBJ2-7|CSSLGGGTDSYEQYF
AAAAAAAAAAACAGCC	TRB	True	False	False	False	False	False	TRBV20-1|TRBJ2-1|CSATADAAGGPSYNEQFF	
AAAAAAAAAAACAGCG	TRB	True	False	False	False	False	False	TRBV4-2|TRBJ2-7|CASVRAAAYEQYF	
AAAAAAAAAAACAGCT	TRB	True	True	True	True	True	True	TRBV7-9|TRBJ1-2|CARPRLAGSEENYGYTF	TRBV7-9|TRBJ1-2|CARPRLAGSEENYGYTF
AAAAAAAAAAACAGGA	TRB	True	True	True	True	True	True	TRBV29-1|TRBJ2-1|CSVVWRYSYNEQFF	TRBV29-1|TRBJ2-1|CSVVWRYSYNEQFF
AAAAAAAAAAACAGGC	TRB	True	True	True	True	True	True	TRBV5-6|TRBJ2-7|CASPFGVRMGLYEQYF	TRBV5-6|TRBJ2-7|CASPFGVRMGLYEQYF
AAAAAAAAAAACAGGG	TRB	True	False	False	False	False	False	TRBV20-1|TRBJ2-1|CSVRGLSYNEQFF	
AAAAAAAAAAACAGGT	TRB	True	False	False	False	False	False	TRBV27|TRBJ1-1|CASLEGLDDNTEAFF	
AAAAAAAAAAACAGTA	TRB	True	True	True	True	True	True	TRBV6-5|TRBJ2-6|CASSTVTGSGANVLTF	TRBV6-5|TRBJ2-6|CASSTVTGSGANVLTF
AAAAAAAAAAACAGTC	TRB	True	False	False	False	False	False	TRBV5-1|TRBJ1-6|CASPQGIPGSYNSPLHF	
AAAAAAAAAAACAGTG	TRB	True	True	True	True	True	True	TRBV5-5|TRBJ2-7|CASSLSGSLAQNSYEQYF	TRBV5-5|TRBJ2-7|CASSLSGSLAQNSYEQYF
AAAAAAAAAAACAGTT	TRB	True	True	True	True	True	True	TRBV5-4|TRBJ2-2|CASSWRGQNTGELFF	TRBV5-4|TRBJ2-2|CASSWRGQNTGELFF
AAAAAAAAAAACATAA	TRB	True	True	True	True	True	True	TRBV28|TRBJ2-7|CASRASSYEQYF	TRBV28|TRBJ2-7|CASRASSYEQYF
AAAAAAAAAAACATAC	TRB	True	True	True	True	True	True	TRBV3-1|TRBJ1-5|CASRSVGAGNQPQHF	TRBV3-1|TRBJ1-5|CASRSVGAGNQPQHF
AAAAAAAAAAACATAG	TRB	True	True	True	True	True	True	TRBV10-2|TRBJ1-1|CASSSGVSLGTEAFF	TRBV10-2|TRBJ1-1|CASSSGVSLGTEAFF
AAAAAAAAAAACATAT	TRB	True	True	True	True	True	True	TRBV12-3|TRBJ1-1|CASGAVENTEAFF	TRBV12-3|TRBJ1-1|CASGAVENTEAFF
AAAAAAAAAAACATCA	TRB	True	True	True	True	True	True	TRBV5-5|TRBJ1-4|CASSRVGWGTNEKLFF	TRBV5-5|TRBJ1-4|CASSRVGWGTNEKLFF
AAAAAAAAAAACATCC	TRB	True	True	True	True	True	True	TRBV10-2|TRBJ2-5|CAYWGGGSVETQYF	TRBV10-2|TRBJ2-5|CAYWGGGSVETQYF
AAAAAAAAAAACATCG	TRB	True	True	True	True	True	True	TRBV20-1|TRBJ2-1|CSSQGISYNEQFF	TRBV20-1|TRBJ2-1|CSSQGISYNEQFF
AAAAAAAAAAACATCT	TRB	True	True	True	True	True	True	TRBV7-9|TRBJ2-5|CESQEQETQYF	TRBV7-9|TRBJ2-5|CESQEQETQYF
AAAAAAAAAAACATGA	TRB	True	True	True	True	True	True	TRBV20-1|TRBJ2-1|CSATGGSPSYNEQFF	TRBV20-1|TRBJ2-1|CSATGGSPSYNEQFF
AAAAAAAAAAACATGC	TRB	True	True	True	True	True	True	TRBV4-1|TRBJ1-5|CASSKDTGANQPQHF	TRBV4-1|TRBJ1-5|CASSKDTGANQPQHF
AAAAAAAAAAACATGG	TRB	True	False	False	False	False	False	TRBV3-1|TRBJ1-2|CASGEGDYGYTF	
AAAAAAAAAAACATGT	TRB	True	True	True	True	True	True	TRBV11-1|TRBJ2-1|CASVATGASYNEQFF	TRBV11-1|TRBJ2-1|CASVATGASYNEQFF
AAAAAAAAAAACATTA	TRB	True	True	True	True	True	True	TRBV29-1|TRBJ2-7|CGTVGTGSYEQYF	TRBV29-1|TRBJ2-7|CGTVGTGSYEQYF
AAAAAAAAAAACATTC	TRB	True	True	True	True	True	True	TRBV7-4|TRBJ2-1|CARGRTSYNEQFF	TRBV7-4|TRBJ2-1|CARGRTSYNEQFF
AAAAAAAAAAACATTG	TRB	True	True	True	True	True	True	TRBV3-1|TRBJ2-2|CASSRVPGGWGNTGELFF	TRBV3-1|TRBJ2-2|CASSRVPGGWGNTGELFF
AAAAAAAAAAACATTT	TRB	True	True	True	True	True	True	TRBV3-1|TRBJ2-7|CASSEGSGGPYEQYF	TRBV3-1|TRBJ2-7|CASSEGSGGPYEQYF
AAAAAAAAAAACCAAA	TRB	True	True	True	True	True	True	TRBV19|TRBJ2-2|CASHGGGGNTGELFF	TRBV19|TRBJ2-2|CASHGGGGNTGELFF
AAAAAAAAAAACCAAC	TRB	True	True	True	True	True	True	TRBV19|TRBJ1-5|CARRRAGSWSNQPQHF	TRBV19|TRBJ1-5|CARRRAGSWSNQPQHF
AAAAAAAAAAACCAAG	TRB	True	True	True	True	True	True	TRBV6-2|TRBJ2-7|CASSPDTGGGESYEQYF	TRBV6-2|TRBJ2-7|CASSPDTGGGESYEQYF
AAAAAAAAAAACCAAT	TRB	True	False	False	False	False	False	TRBV18|TRBJ2-7|CASAGTAGYEQYF	
AAAAAAAAAAACCACA	TRB	True	True	True	False	True	False	TRBV12-4|TRBJ2-7|CASRPGGTSYEQYF	TRBV12-3|TRBJ2-7|CASRPGGTSYEQYF
AAAAAAAAAAACCACC	TRB	True	True	True	True	True	True	TRBV2|TRBJ1-3|CASVWARGNTIYF	TRBV2|TRBJ1-3|CASVWARGNTIYF
AAAAAAAAAAACCACG	TRB	True	True	True	True	True	True	TRBV19|TRBJ2-5|CASWRDYDETQYF	TRBV19|TRBJ2-5|CASWRDYDETQYF
AAAAAAAAAAACCACT	TRB	True	True	True	True	True	True	TRBV27|TRBJ2-3|CASSRVGDGSDSTDTQYF	TRBV27|TRBJ2-3|CASSRVGDGSDSTDTQYF
AAAAAAAAAAACCAGA	TRB	True	True	True	True	True	True	TRBV13|TRBJ2-7|CASDPRSTSYEQYF	TRBV13|TRBJ2-7|CASDPRSTSYEQYF
AAAAAAAAAAACCAGC	TRB	True	True	True	True	True	True	TRBV18|TRBJ2-3|CAKQGGYSTDTQYF	TRBV18|TRBJ2-3|CAKQGGYSTDTQYF
AAAAAAAAAAACCAGG	TRB	True	True	True	False	True	False	TRBV12-4|TRBJ1-2|CASSTTAANGSYGYTF	TRBV12-3|TRBJ1-2|CASSTTAANGSYGYTF
AAAAAAAAAAACCAGT	TRB	True	True	True	True	True	True	TRBV5-1|TRBJ1-2|CAFPRGGNYGYTF	TRBV5-1|TRBJ1-2|CAFPRGGNYGYTF
AAAAAAAAAAACCATA	TRB	True	True	True	True	True	True	TRBV5-5|TRBJ2-1|CASWQVYSYNEQFF	TRBV5-5|TRBJ2-1|CASWQVYSYNEQFF
AAAAAAAAAAACCATC	TRB	True	True	True	True	True	True	TRBV5-5|TRBJ2-7|CASEEGMDYEQYF	TRBV5-5|TRBJ2-7|CASEEGMDYEQYF
AAAAAAAAAAACCATG	TRB	True	True	True	True	True	True	TRBV29-1|TRBJ1-2|CSVFRGRYGYTF	TRBV29-1|TRBJ1-2|CSVFRGRYGYTF
AAAAAAAAAAACCATT	TRB	True	True	True	True	True	True	TRBV28|TRBJ2-7|CASSPSGGESYEQYF	TRBV28|TRBJ2-7|CASSPSGGESYEQYF
AAAAAAAAAAACCCAA	TRB	True	True	True	True	True	True	TRBV27|TRBJ2-1|CASWGTRRAGSYNEQFF	TRBV27|TRBJ2-1|CASWGTRRAGSYNEQFF
AAAAAAAAAAACCCAC	TRB	True	True	True	True	True	True	TRBV3-1|TRBJ1-5|CASSAPDLYNQPQHF	TRBV3-1|TRBJ1-5|CASSAPDLYNQPQHF
AAAAAAAAAAACCCAG	TRB	True	True	True	True	True	True	TRBV6-5|TRBJ2-7|CASNPTITGSYEQYF	TRBV6-5|TRBJ2-7|CASNPTITGSYEQYF
AAAAAAAAAAACCCAT	TRB	True	True	True	True	True	True	TRBV6-6|TRBJ2-7|CASRPGASYEQYF	TRBV6-6|TRBJ2-7|CASRPGASYEQYF
AAAAAAAAAAACCCCA	TRB	True	True	True	True	True	True	TRBV30|TRBJ1-3|CAWAGAGYNTIYF	TRBV30|TRBJ1-3|CAWAGAGYNTIYF
AAAAAAAAAAACCCCC	TRB	True	True	True	True	True	True	TRBV20-1|TRBJ2-7|CSVPTQFSEQYF	TRBV20-1|TRBJ2-7|CSVPTQFSEQYF
AAAAAAAAAAACCCCG	TRB	True	True	True	True	True	True	TRBV20-1|TRBJ1-5|CSALSEGSEGSNQPQHF	TRBV20-1|TRBJ1-5|CSALSEGSEGSNQPQHF
AAAAAAAAAAACCCCT	TRB	True	True	True	True	True	True	TRBV4-2|TRBJ2-2|CASGGRVRGANTGELFF	TRBV4-2|TRBJ2-2|CASGGRVRGANTGELFF
AAAAAAAAAAACCCGA	TRB	True	True	True	True	True	True	TRBV3-1|TRBJ2-3|CASSSGGFMADTQYF	TRBV3-1|TRBJ2-3|CASSSGGFMADTQYF
AAAAAAAAAAACCCGC	TRB	True	True	True	True	True	True	TRBV4-1|TRBJ1-1|CASVQRGAAEAFF	TRBV4-1|TRBJ1-1|CASVQRGAAEAFF
AAAAAAAAAAACCCGG	TRB	True	True	True	True	True	True	TRBV3-1|TRBJ2-5|CASTDLSETQYF	TRBV3-1|TRBJ2-5|CASTDLSETQYF
AAAAAAAAAAACCCGT	TRB	True	True	True	True	True	True	TRBV30|TRBJ1-1|CAWGRQGRGEAFF	TRBV30|TRBJ1-1|CAWGRQGRGEAFF
AAAAAAAAAAACCCTA	TRB	True	False	False	False	False	False	TRBV7-6|TRBJ1-1|CASPQSGNTEAFF	
AAAAAAAAAAACCCTC	TRB	True	True	True	True	True	True	TRBV5-4|TRBJ2-5|CASVSGGTQGGQETQYF	TRBV5-4|TRBJ2-5|CASVSGGTQGGQETQYF
AAAAAAAAAAACCCTG	TRB	True	True	True	True	True	True	TRBV5-6|TRBJ1-1|CGTTNTEAFF	TRBV5-6|TRBJ1-1|CGTTNTEAFF
AAAAAAAAAAACCCTT	TRB	True	True	True	True	True	True	TRBV5-1|TRBJ2-1|CASSGSVRYNEQFF	TRBV5-1|TRBJ2-1|CASSGSVRYNEQFF
AAAAAAAAAAACCGAA	TRB	True	True	True	True	True	True	TRBV6-1|TRBJ2-3|CASSTESGDTQYF	TRBV6-1|TRBJ2-3|CASSTESGDTQYF
AAAAAAAAAAACCGAC	TRB	True	True	True	True	True	True	TRBV5-6|TRBJ2-3|CASNSGRDTDTQYF	TRBV5-6|TRBJ2-3|CASNSGRDTDTQYF
AAAAAAAAAAACCGAG	TRB	True	False	False	False	False	False	TRBV6-5|TRBJ2-6|CASSVGLGSDSGANVLTF	
AAAAAAAAAAACCGAT	TRB	True	True	True	True	True	True	TRBV20-1|TRBJ1-5|CSAFLVSDQPQHF	TRBV20-1|TRBJ1-5|CSAFLVSDQPQHF
AAAAAAAAAAACCGCA	TRB	True	True	True	True	True	True	TRBV27|TRBJ2-3|CASSTRTNQTDTQYF	TRBV27|TRBJ2-3|CASSTRTNQTDTQYF
AAAAAAAAAAACCGCC	TRB	True	True	True	True	True	True	TRBV13|TRBJ2-4|CAWGEYAKNIQYF	TRBV13|TRBJ2-4|CAWGEYAKNIQYF
AAAAAAAAAAACCGCG	TRB	True	True	True	True	True	True	TRBV5-1|TRBJ2-2|CASATNTGELFF	TRBV5-1|TRBJ2-2|CASATNTGELFF
AAAAAAAAAAACCGCT	TRB	True	True	True	True	True	True	TRBV7-2|TRBJ2-1|CASSDDQVGDSYNEQFF	TRBV7-2|TRBJ2-1|CASSDDQVGDSYNEQFF
AAAAAAAAAAACCGGA	TRB	True	True	True	True	True	True	TRBV12-3|TRBJ1-1|CASPGLPGVWGTEAFF	TRBV12-3|TRBJ1-1|CASPGLPGVWGTEAFF
AAAAAAAAAAACCGGC	TRB	True	True	True	True	True	True	TRBV5-1|TRBJ1-1|CASSKKDEDSNTEAFF	TRBV5-1|TRBJ1-1|CASSKKDEDSNTEAFF
AAAAAAAAAAACCGGG	TRB	True	True	True	True	True	True	TRBV7-4|TRBJ2-7|CASRRSGGGSYEQYF	TRBV7-4|TRBJ2-7|CASRRSGGGSYEQYF
AAAAAAAAAAACCGGT	TRB	True	True	True	True	True	True	TRBV18|TRBJ1-5|CASGLSGTANQPQHF	TRBV18|TRBJ1-5|CASGLSGTANQPQHF
AAAAAAAAAAACCGTA	TRB	True	True	True	True	True	True	TRBV25-1|TRBJ2-5|CASSPTGETQYF	TRBV25-1|TRBJ2-5|CASSPTGETQYF
AAAAAAAAAAACCGTC	TRB	True	True	True	True	True	True	TRBV7-2|TRBJ2-1|CASGILGLYNEQFF	TRBV7-2|TRBJ2-1|CASGILGLYNEQFF
AAAAAAAAAAACCGTG	TRB	True	True	True	True	True	True	TRBV19|TRBJ1-5|CAYGGDSNQPQHF	TRBV19|TRBJ1-5|CAYGGDSNQPQHF
AAAAAAAAAAACCGTT	TRB	True	True	True	True	True	True	TRBV27|TRBJ1-4|CGPGGAAHTNEKLFF	TRBV27|TRBJ1-4|CGPGGAAHTNEKLFF
AAAAAAAAAAACCTAA	TRB	True	True	True	True	True	True	TRBV28|TRBJ2-1|CASSSGSAGSYNEQFF	TRBV28|TRBJ2-1|CASSSGSAGSYNEQFF
AAAAAAAAAAACCTAC	TRB	True	True	True	True	True	True	TRBV6-5|TRBJ2-1|CADGGISYNEQFF	TRBV6-5|TRBJ2-1|CADGGISYNEQFF
AAAAAAAAAAACCTAG	TRB	True	True	True	True	True	True	TRBV27|TRBJ2-2|CASDDGRSNTGELFF	TRBV27|TRBJ2-2|CASDDGRSNTGELFF
AAAAAAAAAAACCTAT	TRB	True	True	True	False	True	False	TRBV12-4|TRBJ2-5|CASSATDMHETQYF	TRBV12-3|TRBJ2-5|CASSATDMHETQYF
AAAAAAAAAAACCTCA	TRB	True	True	True	True	True	True	TRBV20-1|TRBJ2-4|CSAAPGTVEGAKNIQYF	TRBV20-1|TRBJ2-4|CSAAPGTVEGAKNIQYF
AAAAAAAAAAACCTCC	TRB	True	True	True	True	True	True	TRBV20-1|TRBJ2-5|CSPGDSGIVETQYF	TRBV20-1|TRBJ2-5|CSPGDSGIVETQYF
AAAAAAAAAAACCTCG	TRB	True	True	True	True	True	True	TRBV15|TRBJ2-1|CATEQGGSPSYNEQFF	TRBV15|TRBJ2-1|CATEQGGSPSYNEQFF
AAAAAAAAAAACCTCT	TRB	True	True	True	True	True	True	TRBV5-1|TRBJ2-2|CASSPGASTGELFF	TRBV5-1|TRBJ2-2|CASSPGASTGELFF
AAAAAAAAAAACCTGA	TRB	True	True	True	True	True	True	TRBV5-1|TRBJ2-4|CASSESAAAKNIQYF	TRBV5-1|TRBJ2-4|CASSESAAAKNIQYF
AAAAAAAAAAACCTGC	TRB	True	True	True	True	True	True	TRBV7-9|TRBJ2-2|CASSTRSLGLNTGELFF	TRBV7-9|TRBJ2-2|CASSTRSLGLNTGELFF
AAAAAAAAAAACCTGG	TRB	True	True	True	True	True	True	TRBV5-4|TRBJ2-5|CAGDRASVGSQETQYF	TRBV5-4|TRBJ2-5|CAGDRASVGSQETQYF
AAAAAAAAAAACCTGT	TRB	True	True	True	True	True	True	TRBV7-2|TRBJ2-4|CASSLSGGEGTAKNIQYF	TRBV7-2|TRBJ2-4|CASSLSGGEGTAKNIQYF
AAAAAAAAAAACCTTA	TRB	True	True	True	True	True	True	TRBV27|TRBJ1-2|CASSWQDLNYGYTF	TRBV27|TRBJ1-2|CASSWQDLNYGYTF
AAAAAAAAAAACCTTC	TRB	True	False	False	False	False	False	TRBV10-2|TRBJ1-1|CASSTGNTEAFF	
AAAAAAAAAAACCTTG	TRB	True	True	True	True	True	True	TRBV2|TRBJ2-1|CASGSYNEQFF	TRBV2|TRBJ2-1|CASGSYNEQFF
AAAAAAAAAAACCTTT	TRB	True	True	True	True	True	True	TRBV7-6|TRBJ1-2|CASSGGTSQVYNYGYTF	TRBV7-6|TRBJ1-2|CASSGGTSQVYNYGYTF
AAAAAAAAAAACGAAA	TRB	True	True	True	True	True	True	TRBV27|TRBJ1-5|CASSNSGPEYNQPQHF	TRBV27|TRBJ1-5|CASSNSGPEYNQPQHF
AAAAAAAAAAACGAAC	TRB	True	True	True	True	True	True	TRBV20-1|TRBJ1-2|CSAGGSAYGYTF	TRBV20-1|TRBJ1-2|CSAGGSAYGYTF
AAAAAAAAAAACGAAG	TRB	True	True	True	True	True	True	TRBV19|TRBJ2-3|CADGIGSTDTQYF	TRBV19|TRBJ2-3|CADGIGSTDTQYF
AAAAAAAAAAACGAAT	TRB	True	True	True	True	True	True	TRBV7-6|TRBJ2-7|CASSAGDRGSYSYEQYF	TRBV7-6|TRBJ2-7|CASSAGDRGSYSYEQYF
AAAAAAAAAAACGACA	TRB	True	True	True	False	True	False	TRBV6-5|TRBJ1-6|CASRTGWARGYNSPLHF	TRBV6-1|TRBJ1-6|CASRTGWARGYNSPLHF
AAAAAAAAAAACGACC	TRB	True	True	True	True	True	True	TRBV7-9|TRBJ2-1|CARQTGGARNEQFF	TRBV7-9|TRBJ2-1|CARQTGGARNEQFF
AAAAAAAAAAACGACG	TRB	True	True	True	True	True	True	TRBV28|TRBJ2-3|CASAQGTDTQYF	TRBV28|TRBJ2-3|CASAQGTDTQYF
AAAAAAAAAAACGACT	TRB	True	True	True	True	True	True	TRBV7-2|TRBJ1-3|CASGGVGNTIYF	TRBV7-2|TRBJ1-3|CASGGVGNTIYF
AAAAAAAAAAACGAGA	TRB	True	True	True	True	True	True	TRBV29-1|TRBJ1-2|CSPSGVANYGYTF	TRBV29-1|TRBJ1-2|CSPSGVANYGYTF
AAAAAAAAAAACGAGC	TRB	True	True	True	False	True	False	TRBV12-4|TRBJ2-1|CASKTGTWGSYNEQFF	TRBV12-3|TRBJ2-1|CASKTGTWGSYNEQFF
AAAAAAAAAAACGAGG	TRB	True	True	True	True	True	True	TRBV6-5|TRBJ2-7|CASSSRRFRSYEQYF	TRBV6-5|TRBJ2-7|CASSSRRFRSYEQYF
AAAAAAAAAAACGAGT	TRB	True	True	True	True	True	True	TRBV6-2|TRBJ1-5|CASPGKTKSNQPQHF	TRBV6-2|TRBJ1-5|CASPGKTKSNQPQHF
AAAAAAAAAAACGATA	TRB	True	True	True	True	True	True	TRBV19|TRBJ1-6|CASTIQTGAYNSPLHF	TRBV19|TRBJ1-6|CASTIQTGAYNSPLHF
AAAAAAAAAAACGATC	TRB	True	True	True	True	True	True	TRBV20-1|TRBJ1-6|CSADDQVRSYNSPLHF	TRBV20-1|TRBJ1-6|CSADDQVRSYNSPLHF
AAAAAAAAAAACGATG	TRB	True	True	True	False	True	False	TRBV12-4|TRBJ2-5|CASSGQGGGTRQETQYF	TRBV12-3|TRBJ2-5|CASSGQGGGTRQETQYF
AAAAAAAAAAACGATT	TRB	True	True	True	True	True	True	TRBV6-5|TRBJ2-1|CAGRAYNEQFF	TRBV6-5|TRBJ2-1|CAGRAYNEQFF
AAAAAAAAAAACGCAA	TRB	True	True	True	True	True	True	TRBV12-3|TRBJ1-3|CASSITAPSNSGNTIYF	TRBV12-3|TRBJ1-3|CASSITAPSNSGNTIYF
AAAAAAAAAAACGCAC	TRB	True	True	True	True	True	True	TRBV19|TRBJ1-1|CASSGFGEGEAINTEAFF	TRBV19|TRBJ1-1|CASSGFGEGEAINTEAFF
AAAAAAAAAAACGCAG	TRB	True	True	True	True	True	True	TRBV7-2|TRBJ1-1|CASRLGDEEFF	TRBV7-2|TRBJ1-1|CASRLGDEEFF
AAAAAAAAAAACGCAT	TRB	True	True	True	True	True	True	TRBV7-2|TRBJ2-2|CASSDQKGAYNTGELFF	TRBV7-2|TRBJ2-2|CASSDQKGAYNTGELFF
AAAAAAAAAAACGCCA	TRB	True	True	True	True	True	True	TRBV3-1|TRBJ2-2|CALLAGNNTGELFF	TRBV3-1|TRBJ2-2|CALLAGNNTGELFF
AAAAAAAAAAACGCCC	TRB	True	True	True	True	True	True	TRBV28|TRBJ2-3|CASSGFTSSDTQYF	TRBV28|TRBJ2-3|CASSGFTSSDTQYF
AAAAAAAAAAACGCCG	TRB	True	False	False	False	False	False	TRBV28|TRBJ1-2|CASSRTLGPYGYTF	
AAAAAAAAAAACGCCT	TRB	True	True	True	True	True	True	TRBV30|TRBJ2-1|CADLGGSYNEQFF	TRBV30|TRBJ2-1|CADLGGSYNEQFF
AAAAAAAAAAACGCGA	TRB	True	False	False	False	False	False	TRBV6-1|TRBJ2-2|CASSLGTENTGELFF	
AAAAAAAAAAACGCGC	TRB	True	True	True	True	True	True	TRBV20-1|TRBJ2-4|CSATSGAGGAKNIQYF	TRBV20-1|TRBJ2-4|CSATSGAGGAKNIQYF
AAAAAAAAAAACGCGG	TRB	True	True	True	True	True	True	TRBV7-9|TRBJ1-4|CASGGNETNEKLFF	TRBV7-9|TRBJ1-4|CASGGNETNEKLFF
AAAAAAAAAAACGCGT	TRB	True	True	True	True	True	True	TRBV11-1|TRBJ1-1|CASSSVTGERNTEAFF	TRBV11-1|TRBJ1-1|CASSSVTGERNTEAFF
AAAAAAAAAAACGCTA	TRB	True	True	True	True	True	True	TRBV4-1|TRBJ1-1|CASTQFGGTEAFF	TRBV4-1|TRBJ1-1|CASTQFGGTEAFF
AAAAAAAAAAACGCTC	TRB	True	True	True	True	True	True	TRBV3-1|TRBJ1-1|CASSITTGVKQNTEAFF	TRBV3-1|TRBJ1-1|CASSITTGVKQNTEAFF
AAAAAAAAAAACGCTG	TRB	True	True	True	True	True	True	TRBV20-1|TRBJ2-4|CSADIGGKNIQYF	TRBV20-1|TRBJ2-4|CSADIGGKNIQYF
AAAAAAAAAAACGCTT	TRB	True	True	True	True	True	True	TRBV30|TRBJ1-1|CAWRARQGFNTEAFF	TRBV30|TRBJ1-1|CAWRARQGFNTEAFF
AAAAAAAAAAACGGAA	TRB	True	True	True	True	True	True	TRBV7-2|TRBJ2-7|CASWDGYEQYF	TRBV7-2|TRBJ2-7|CASWDGYEQYF
AAAAAAAAAAACGGAC	TRB	True	True	True	True	True	True	TRBV20-1|TRBJ2-1|CSADSGSYNEQFF	TRBV20-1|TRBJ2-1|CSADSGSYNEQFF
AAAAAAAAAAACGGAG	TRB	True	True	True	True	True	True	TRBV29-1|TRBJ2-1|CSGTGQTSYNEQFF	TRBV29-1|TRBJ2-1|CSGTGQTSYNEQFF
AAAAAAAAAAACGGAT	TRB	True	True	True	True	True	True	TRBV5-1|TRBJ2-1|CASTADSGGSYNEQFF	TRBV5-1|TRBJ2-1|CASTADSGGSYNEQFF
AAAAAAAAAAACGGCA	TRB	True	True	True	True	True	True	TRBV12-3|TRBJ1-1|CASSSSGPPNTEAFF	TRBV12-3|TRBJ1-1|CASSSSGPPNTEAFF
AAAAAAAAAAACGGCC	TRB	True	True	True	True	True	True	TRBV6-6|TRBJ1-1|CASSDFPSLGRYTEAFF	TRBV6-6|TRBJ1-1|CASSDFPSLGRYTEAFF
AAAAAAAAAAACGGCG	TRB	True	True	True	True	True	True	TRBV2|TRBJ1-3|CASSPVTYYSGNTIYF	TRBV2|TRBJ1-3|CASSPVTYYSGNTIYF
AAAAAAAAAAACGGCT	TRB	True	True	True	True	True	True	TRBV20-1|TRBJ1-1|CSFPGNNTEAFF	TRBV20-1|TRBJ1-1|CSFPGNNTEAFF
AAAAAAAAAAACGGGA	TRB	True	True	True	False	True	False	TRBV12-4|TRBJ2-3|CASRRYSPGLTDTQYF	TRBV12-3|TRBJ2-3|CASRRYSPGLTDTQYF
AAAAAAAAAAACGGGC	TRB	True	True	True	True	True	True	TRBV6-2|TRBJ2-3|CASSLRPGRYGATDTQYF	TRBV6-2|TRBJ2-3|CASSLRPGRYGATDTQYF
AAAAAAAAAAACGGGG	TRB	True	True	True	True	True	True	TRBV6-6|TRBJ1-1|CASMGSGSGNTEAFF	TRBV6-6|TRBJ1-1|CASMGSGSGNTEAFF
AAAAAAAAAAACGGGT	TRB	True	False	False	False	False	False	TRBV20-1|TRBJ2-7|CSVLPRRSTGSYEQYF	
AAAAAAAAAAACGGTA	TRB	True	True	True	False	True	False	TRBV6-5|TRBJ1-3|CASSRRGDGANSGNTIYF	TRBV6-1|TRBJ1-3|CASSRRGDGANSGNTIYF
AAAAAAAAAAACGGTC	TRB	True	True	True	True	True	True	TRBV28|TRBJ2-7|CASQKGGPGIYEQYF	TRBV28|TRBJ2-7|CASQKGGPGIYEQYF
AAAAAAAAAAACGGTG	TRB	True	True	True	True	True	True	TRBV18|TRBJ2-2|CASSFAGGPATGELFF	TRBV18|TRBJ2-2|CASSFAGGPATGELFF
AAAAAAAAAAACGGTT	TRB	True	True	True	True	True	True	TRBV12-3|TRBJ1-1|CADGLNTEAFF	TRBV12-3|TRBJ1-1|CADGLNTEAFF
AAAAAAAAAAACGTAA	TRB	True	True	True	True	True	True	TRBV4-1|TRBJ2-7|CASSWTQSSYEQYF	TRBV4-1|TRBJ2-7|CASSWTQSSYEQYF
AAAAAAAAAAACGTAC	TRB	True	True	True	True	True	True	TRBV2|TRBJ1-1|CASEDGGNTEAFF	TRBV2|TRBJ1-1|CASEDGGNTEAFF
AAAAAAAAAAACGTAG	TRB	True	True	True	True	True	True	TRBV7-2|TRBJ2-7|CASRTAFTSYEQYF	TRBV7-2|TRBJ2-7|CASRTAFTSYEQYF
AAAAAAAAAAACGTAT	TRB	True	False	False	False	False	False	TRBV19|TRBJ2-2|CASSPGTPNNNTGELFF	
AAAAAAAAAAACGTCA	TRB	True	True	True	True	True	True	TRBV5-1|TRBJ2-3|CASSASTPRMDTQYF	TRBV5-1|TRBJ2-3|CASSASTPRMDTQYF
AAAAAAAAAAACGTCC	TRB	True	True	True	True	True	True	TRBV13|TRBJ2-7|CASSTGRGFSYEQYF	TRBV13|TRBJ2-7|CASSTGRGFSYEQYF
AAAAAAAAAAACGTCG	TRB	True	True	True	True	True	True	TRBV5-6|TRBJ1-2|CASGTGRGGGYTF	TRBV5-6|TRBJ1-2|CASGTGRGGGYTF
AAAAAAAAAAACGTCT	TRB	True	True	True	True	True	True	TRBV4-2|TRBJ2-3|CASSFPGAVDTDTQYF	TRBV4-2|TRBJ2-3|CASSFPGAVDTDTQYF
AAAAAAAAAAACGTGA	TRB	True	True	True	True	True	True	TRBV6-1|TRBJ2-7|CASALGLGNSYEQYF	TRBV6-1|TRBJ2-7|CASALGLGNSYEQYF
AAAAAAAAAAACGTGC	TRB	True	True	True	True	True	True	TRBV20-1|TRBJ2-4|CSASGGNRGFAKNIQYF	TRBV20-1|TRBJ2-4|CSASGGNRGFAKNIQYF
AAAAAAAAAAACGTGG	TRB	True	True	True	True	True	True	TRBV28|TRBJ2-3|CASSTRERTGALDTQYF	TRBV28|TRBJ2-3|CASSTRERTGALDTQYF
AAAAAAAAAAACGTGT	TRB	True	True	True	True	True	True	TRBV10-2|TRBJ2-3|CASSIGGGAQRSTDTQYF	TRBV10-2|TRBJ2-3|CASSIGGGAQRSTDTQYF
AAAAAAAAAAACGTTA	TRB	True	True	True	True	True	True	TRBV19|TRBJ2-6|CASSDPSGGEAGANVLTF	TRBV19|TRBJ2-6|CASSDPSGGEAGANVLTF
AAAAAAAAAAACGTTC	TRB	True	True	True	True	True	True	TRBV18|TRBJ1-1|CASQDDGSNTEAFF	TRBV18|TRBJ1-1|CASQDDGSNTEAFF
AAAAAAAAAAACGTTG	TRB	True	True	True	True	True	True	TRBV11-1|TRBJ2-3|CASGRAGTDTQYF	TRBV11-1|TRBJ2-3|CASGRAGTDTQYF
AAAAAAAAAAACGTTT	TRB	True	True	True	True	True	True	TRBV7-4|TRBJ2-2|CASRGPDNTGELFF	TRBV7-4|TRBJ2-2|CASRGPDNTGELFF
AAAAAAAAAAACTAAA	TRB	True	True	True	False	True	False	TRBV12-4|TRBJ1-5|CASARGLPSTSNQPQHF	TRBV12-3|TRBJ1-5|CASARGLPSTSNQPQHF
AAAAAAAAAAACTAAC	TRB	True	True	True	True	True	True	TRBV6-2|TRBJ2-5|CASLVAAGVGETQYF	TRBV6-2|TRBJ2-5|CASLVAAGVGETQYF
AAAAAAAAAAACTAAG	TRB	True	True	True	True	True	True	TRBV5-6|TRBJ1-2|CASSPGPQVAGGYGYTF	TRBV5-6|TRBJ1-2|CASSPGPQVAGGYGYTF
AAAAAAAAAAACTAAT	TRB	True	True	True	True	True	True	TRBV14|TRBJ2-2|CASSFMNTGELFF	TRBV14|TRBJ2-2|CASSFMNTGELFF
AAAAAAAAAAACTACA	TRB	True	True	True	True	True	True	TRBV18|TRBJ2-1|CASSRGQSTSYNEQFF	TRBV18|TRBJ2-1|CASSRGQSTSYNEQFF
AAAAAAAAAAACTACC	TRB	True	True	True	True	True	True	TRBV18|TRBJ2-7|CAHWTGGRASYEQYF	TRBV18|TRBJ2-7|CAHWTGGRASYEQYF
AAAAAAAAAAACTACG	TRB	True	True	True	True	True	True	TRBV20-1|TRBJ2-1|CSAPGGGYNEQFF	TRBV20-1|TRBJ2-1|CSAPGGGYNEQFF
AAAAAAAAAAACTACT	TRB	True	True	True	True	True	True	TRBV4-1|TRBJ1-6|CASRRGSHSYNSPLHF	TRBV4-1|TRBJ1-6|CASRRGSHSYNSPLHF
AAAAAAAAAAACTAGA	TRB	True	False	False	False	False	False	TRBV6-6|TRBJ1-5|CASSITPSLGRSNQPQHF	
AAAAAAAAAAACTAGC	TRB	True	True	True	True	True	True	TRBV6-5|TRBJ1-2|CASSDGRGLNYGYTF	TRBV6-5|TRBJ1-2|CASSDGRGLNYGYTF
AAAAAAAAAAACTAGG	TRB	True	True	True	True	True	True	TRBV30|TRBJ1-5|CARLTSNQPQHF	TRBV30|TRBJ1-5|CARLTSNQPQHF
AAAAAAAAAAACTAGT	TRB	True	True	True	True	True	True	TRBV14|TRBJ1-6|CASSQNYNSPLHF	TRBV14|TRBJ1-6|CASSQNYNSPLHF
AAAAAAAAAAACTATA	TRB	True	False	False	False	False	False	TRBV20-1|TRBJ2-7|CSASLTTGSYEQYF	
AAAAAAAAAAACTATC	TRB	True	True	True	True	True	True	TRBV11-1|TRBJ1-5|CASQTLLWASNQPQHF	TRBV11-1|TRBJ1-5|CASQTLLWASNQPQHF
AAAAAAAAAAACTATG	TRB	True	True	True	True	True	True	TRBV13|TRBJ2-7|CALDFAGSYEQYF	TRBV13|TRBJ2-7|CALDFAGSYEQYF
AAAAAAAAAAACTATT	TRB	True	True	True	True	True	True	TRBV29-1|TRBJ1-2|CSALRLQDTNNYGYTF	TRBV29-1|TRBJ1-2|CSALRLQDTNNYGYTF
AAAAAAAAAAACTCAA	TRB	True	True	True	True	True	True	TRBV7-9|TRBJ2-7|CASSGTSYEQYF	TRBV7-9|TRBJ2-7|CASSGTSYEQYF
AAAAAAAAAAACTCAC	TRB	True	True	True	True	True	True	TRBV28|TRBJ1-1|CASSDRASDTEAFF	TRBV28|TRBJ1-1|CASSDRASDTEAFF
AAAAAAAAAAACTCAG	TRB	True	True	True	True	True	True	TRBV6-6|TRBJ2-7|CASRTRAPSYEQYF	TRBV6-6|TRBJ2-7|CASRTRAPSYEQYF
AAAAAAAAAAACTCAT	TRB	True	True	True	True	True	True	TRBV20-1|TRBJ2-7|CSATPLLGPDEQYF	TRBV20-1|TRBJ2-7|CSATPLLGPDEQYF
AAAAAAAAAAACTCCA	TRB	True	True	True	True	True	True	TRBV7-9|TRBJ2-7|CASSPGGASYEQYF	TRBV7-9|TRBJ2-7|CASSPGGASYEQYF
AAAAAAAAAAACTCCC	TRB	True	True	True	True	True	True	TRBV10-3|TRBJ2-7|CAIALSGYSYEQYF	TRBV10-3|TRBJ2-7|CAIALSGYSYEQYF
AAAAAAAAAAACTCCG	TRB	True	True	True	True	True	True	TRBV7-9|TRBJ1-6|CASKLDGLTYNSPLHF	TRBV7-9|TRBJ1-6|CASKLDGLTYNSPLHF
AAAAAAAAAAACTCCT	TRB	True	True	True	True	True	True	TRBV6-2|TRBJ2-4|CASSITEGRAKNIQYF	TRBV6-2|TRBJ2-4|CASSITEGRAKNIQYF
AAAAAAAAAAACTCGA	TRB	True	True	True	True	True	True	TRBV28|TRBJ2-2|CASALTARRGTGELFF	TRBV28|TRBJ2-2|CASALTARRGTGELFF
AAAAAAAAAAACTCGC	TRB	True	True	True	True	True	True	TRBV4-1|TRBJ2-3|CASAVRNPTQYF	TRBV4-1|TRBJ2-3|CASAVRNPTQYF
AAAAAAAAAAACTCGG	TRB	True	True	True	True	True	True	TRBV20-1|TRBJ2-7|CSAPTEVSYEQYF	TRBV20-1|TRBJ2-7|CSAPTEVSYEQYF
AAAAAAAAAAACTCGT	TRB	True	True	True	True	True	True	TRBV5-4|TRBJ2-6|CASSPRGEGANVLTF	TRBV5-4|TRBJ2-6|CASSPRGEGANVLTF
AAAAAAAAAAACTCTA	TRB	True	False	False	False	False	False	TRBV2|TRBJ1-1|CASKQRGRGSNAFF	
AAAAAAAAAAACTCTC	TRB	True	True	True	True	True	True	TRBV4-1|TRBJ2-3|CASSMGGDTQYF	TRBV4-1|TRBJ2-3|CASSMGGDTQYF
AAAAAAAAAAACTCTG	TRB	True	True	True	True	True	True	TRBV20-1|TRBJ2-3|CSAGDTWLITDTQYF	TRBV20-1|TRBJ2-3|CSAGDTWLITDTQYF
AAAAAAAAAAACTCTT	TRB	True	True	True	True	True	True	TRBV14|TRBJ2-2|CASKGTTGGNTGELFF	TRBV14|TRBJ2-2|CASKGTTGGNTGELFF
AAAAAAAAAAACTGAA	TRB	True	True	True	True	True	True	TRBV30|TRBJ1-3|CAWRGVLGSSNTIYF	TRBV30|TRBJ1-3|CAWRGVLGSSNTIYF
AAAAAAAAAAACTGAC	TRB	True	True	True	True	True	True	TRBV27|TRBJ2-7|CASSGPAGSYEQYF	TRBV27|TRBJ2-7|CASSGPAGSYEQYF
AAAAAAAAAAACTGAG	TRB	True	True	True	True	True	True	TRBV24-1|TRBJ1-2|CATSDSGTSNYGYTF	TRBV24-1|TRBJ1-2|CATSDSGTSNYGYTF
AAAAAAAAAAACTGAT	TRB	True	True	True	True	True	True	TRBV20-1|TRBJ2-7|CSFTRGGGSSYEQYF	TRBV20-1|TRBJ2-7|CSFTRGGGSSYEQYF
AAAAAAAAAAACTGCA	TRB	True	True	True	True	True	True	TRBV6-1|TRBJ2-7|CASSRSLASYEQYF	TRBV6-1|TRBJ2-7|CASSRSLASYEQYF
AAAAAAAAAAACTGCC	TRB	True	True	True	True	True	True	TRBV29-1|TRBJ1-5|CSVASAGSNQPQHF	TRBV29-1|TRBJ1-5|CSVASAGSNQPQHF
AAAAAAAAAAACTGCG	TRB	True	True	True	True	True	True	TRBV15|TRBJ1-6|CATLGGEDYNSPLHF	TRBV15|TRBJ1-6|CATLGGEDYNSPLHF
AAAAAAAAAAACTGCT	TRB	True	True	True	True	True	True	TRBV4-2|TRBJ1-6|CASRGGSWHSYNSPLHF	TRBV4-2|TRBJ1-6|CASRGGSWHSYNSPLHF
AAAAAAAAAAACTGGA	TRB	True	True	True	True	True	True	TRBV11-3|TRBJ2-5|CASSRRGDGGGQETQYF	TRBV11-3|TRBJ2-5|CASSRRGDGGGQETQYF
AAAAAAAAAAACTGGC	TRB	True	True	True	True	True	True	TRBV19|TRBJ1-5|CARRPINQPQHF	TRBV19|TRBJ1-5|CARRPINQPQHF
AAAAAAAAAAACTGGG	TRB	True	False	False	False	False	False	TRBV19|TRBJ2-1|CASPILQAQGESYNEQFF	
AAAAAAAAAAACTGGT	TRB	True	True	True	False	True	False	TRBV12-4|TRBJ2-3|CASSATGGGTDTQYF	TRBV12-3|TRBJ2-3|CASSATGGGTDTQYF
AAAAAAAAAAACTGTA	TRB	True	True	True	True	True	True	TRBV20-1|TRBJ1-5|CSAIGDWGGSNQPQHF	TRBV20-1|TRBJ1-5|CSAIGDWGGSNQPQHF
AAAAAAAAAAACTGTC	TRB	True	True	True	False	True	False	TRBV6-5|TRBJ2-2|CASGTQGGGTYSTGELFF	TRBV6-1|TRBJ2-2|CASGTQGGGTYSTGELFF
AAAAAAAAAAACTGTG	TRB	True	True	True	True	True	True	TRBV6-6|TRBJ2-3|CASPVSSVADTQYF	TRBV6-6|TRBJ2-3|CASPVSSVADTQYF
AAAAAAAAAAACTGTT	TRB	True	False	False	False	False	False	TRBV5-4|TRBJ1-2|CASEGTVAGGNYGYTF	
AAAAAAAAAAACTTAA	TRB	True	True	True	True	True	True	TRBV11-1|TRBJ2-5|CASSDQGRETQYF	TRBV11-1|TRBJ2-5|CASSDQGRETQYF
AAAAAAAAAAACTTAC	TRB	True	True	True	True	True	True	TRBV6-2|TRBJ1-1|CASSGGGGVGNTEAFF	TRBV6-2|TRBJ1-1|CASSGGGGVGNTEAFF
AAAAAAAAAAACTTAG	TRB	True	False	False	False	False	False	TRBV5-1|TRBJ2-5|CARPFSVRTQETQYF	
AAAAAAAAAAACTTAT	TRB	True	True	True	True	True	True	TRBV12-3|TRBJ1-2|CASFRQLDYNYGYTF	TRBV12-3|TRBJ1-2|CASFRQLDYNYGYTF
